3643616168918,1.25,big,nonLinear,2000
3643616168918,1.5,small,nonLinear,2000
3643616168918,1.5,medium,nonLinear,399
3643616168918,1.25,small,linear,2000
3643616168918,1.25,big,linear,306
3643616168918,1.25,medium,linear,400
3643616168918,1.5,big,linear,253
3643616168918,1.5,big,linear,386
3643616168918,1.5,small,linear,275
3643616168918,1.25,big,nonLinear,266
3643616168918,1.25,medium,linear,333
3643616168918,1.25,small,nonLinear,2000
3643616168918,1.5,big,nonLinear,386
3643616168918,1.25,small,nonLinear,2000
3643616168918,1.25,medium,nonLinear,2000
3643616168918,1.5,medium,nonLinear,373
3643616168918,1.25,big,nonLinear,319
3643616168918,1.25,small,linear,2000
3643616168918,1.5,medium,nonLinear,2000
3643616168918,1.5,medium,nonLinear,360
3643616168918,1.25,small,linear,2000
3643616168918,1.5,big,nonLinear,280
3643616168918,1.25,small,nonLinear,2000
3643616168918,1.25,small,nonLinear,2000
3643616168918,1.5,small,nonLinear,346
3643616168918,1.5,small,nonLinear,2000
3643616168918,1.25,medium,nonLinear,359
3643616168918,1.5,medium,linear,320
3643616168918,1.25,big,nonLinear,293
3643616168918,1.25,big,nonLinear,320
3643616168918,1.5,big,linear,359
3643616168918,1.25,small,linear,2000
3643616168918,1.25,small,linear,332
3643616168918,1.25,small,linear,373
3643616168918,1.25,big,nonLinear,2000
3643616168918,1.5,big,nonLinear,320
3643616168918,1.25,medium,nonLinear,2000
3643616168918,1.25,big,linear,320
3643616168918,1.5,big,linear,333
3643616168918,1.5,medium,linear,360
3643616168918,1.5,medium,linear,320
3643616168918,1.5,big,linear,346
3643616168918,1.5,medium,linear,440
3643616168918,1.25,small,linear,413
3643616168918,1.5,medium,linear,293
3643616168918,1.25,medium,nonLinear,346
3643616168918,1.25,medium,nonLinear,346
3643616168918,1.5,medium,linear,359
3643616168918,1.5,medium,linear,426
3643616168918,1.5,small,linear,2000
3643616168918,1.25,small,linear,2000
3643616168918,1.5,medium,nonLinear,293
3643616168918,1.5,medium,nonLinear,413
3643616168918,1.25,small,nonLinear,2000
3643616168918,1.5,small,nonLinear,2000
3643616168918,1.5,small,nonLinear,373
3643616168918,1.25,big,linear,440
3643616168918,1.5,medium,linear,520
3643616168918,1.5,medium,linear,306
3643616168918,1.5,medium,linear,320
3643616168918,1.25,small,linear,2000
3643616168918,1.5,medium,linear,320
3643616168918,1.5,medium,linear,293
3643616168918,1.25,medium,nonLinear,386
3643616168918,1.5,big,nonLinear,306
3643616168918,1.5,medium,linear,320
3643616168918,1.5,big,linear,319
3643616168918,1.5,medium,nonLinear,333
3643616168918,1.5,medium,nonLinear,306
3643616168918,1.25,small,nonLinear,493
3643616168918,1.25,small,nonLinear,2000
3643616168918,1.5,big,linear,293
3643616168918,1.25,medium,linear,373
3643616168918,1.5,big,nonLinear,306
3643616168918,1.25,small,nonLinear,319
3643616168918,1.5,small,nonLinear,306
3643616168918,1.5,medium,nonLinear,266
3643616168918,1.25,medium,nonLinear,333
3643616168918,1.25,big,nonLinear,319
3643616168918,1.5,medium,nonLinear,293
3643616168918,1.25,medium,nonLinear,292
3643616168918,1.5,small,linear,2000
3643616168918,1.5,big,linear,333
3643616168918,1.5,big,linear,400
3643616168918,1.5,small,nonLinear,386
3643616168918,1.5,small,nonLinear,386
3643616168918,1.25,medium,linear,2000
3643616168918,1.5,small,linear,292
3643616168918,1.5,small,linear,400
3643616168918,1.25,big,linear,333
3643616168918,1.5,small,linear,400
3643616168918,1.5,medium,nonLinear,2000
3643616168918,1.25,medium,nonLinear,387
3643616168918,1.5,big,nonLinear,360
3643616168918,1.25,small,linear,2000
3643616168918,1.5,small,linear,426
3643616168918,1.25,big,nonLinear,373
3643616168918,1.5,small,nonLinear,2000
3643616168918,1.25,small,linear,586
3643616168918,1.5,big,linear,386
3643616168918,1.5,big,nonLinear,413
3643616168918,1.5,small,nonLinear,720
3643616168918,1.5,medium,nonLinear,360
3643616168918,1.25,small,nonLinear,2000
3643616168918,1.5,big,nonLinear,332
3643616168918,1.5,big,nonLinear,359
3643616168918,1.5,big,nonLinear,413
3643616168918,1.25,big,nonLinear,2000
3643616168918,1.25,small,nonLinear,466
3643616168918,1.25,small,nonLinear,2000
3643616168918,1.5,small,nonLinear,400
3643616168918,1.5,small,nonLinear,320
3643616168918,1.5,big,nonLinear,2000
3643616168918,1.25,medium,nonLinear,506
3643616168918,1.25,small,nonLinear,2000
3643616168918,1.5,small,linear,2000
3643616168918,1.5,big,nonLinear,319
3643616168918,1.25,medium,linear,346
3643616168918,1.25,small,nonLinear,2000
3643616168918,1.5,medium,nonLinear,333
3643616168918,1.5,big,linear,373
3643616168918,1.25,small,linear,386
3643616168918,1.5,small,linear,2000
3643616168918,1.25,medium,nonLinear,346
3643616168918,1.25,medium,nonLinear,413
3643616168918,1.25,big,nonLinear,399
3643616168918,1.25,medium,nonLinear,413
3643616168918,1.5,medium,linear,346
3643616168918,1.5,small,nonLinear,906
3643616168918,1.5,big,nonLinear,426
3643616168918,1.25,big,linear,346
3643616168918,1.25,small,nonLinear,2000
3643616168918,1.25,small,nonLinear,918
3643616168918,1.5,medium,nonLinear,306
3643616168918,1.25,small,nonLinear,400
3643616168918,1.5,medium,nonLinear,359
3643616168918,1.5,small,nonLinear,305
3643616168918,1.5,small,nonLinear,2000
3643616168918,1.5,big,nonLinear,2000
3643616168918,1.5,small,nonLinear,333
3643616168918,1.25,big,linear,293
3643616168918,1.25,medium,linear,386
3643616168918,1.5,medium,linear,359
3643616168918,1.25,small,nonLinear,2000
3643616168918,1.25,big,nonLinear,333
3643616168918,1.25,small,nonLinear,2000
3643616168918,1.25,small,nonLinear,2000
3643616168918,1.25,big,nonLinear,293
3643616168918,1.5,small,nonLinear,426
3643616168918,1.25,medium,nonLinear,359
3643616168918,1.25,small,linear,2000
3643616168918,1.25,big,linear,360
3643616168918,1.25,big,nonLinear,280
3643616168918,1.25,small,linear,2000
3643616168918,1.5,medium,linear,720
3643616168918,1.25,small,nonLinear,2000
3643616168918,1.25,small,nonLinear,426
3643616168918,1.5,big,linear,346
3643616168918,1.25,medium,linear,386
3643616168918,1.5,big,linear,253
3643616168918,1.25,medium,linear,333
3643616168918,1.25,big,nonLinear,386
3643616168918,1.25,big,nonLinear,319
3643616168918,1.25,medium,nonLinear,2000
3643616168918,1.25,big,nonLinear,413
3643616168918,1.5,big,nonLinear,332
3643616168918,1.25,medium,linear,546
3643616168918,1.5,medium,nonLinear,506
3643616168918,1.25,medium,nonLinear,506
3643616168918,1.25,small,nonLinear,2000
3643616168918,1.5,medium,nonLinear,292
3643616168918,1.25,big,linear,346
3643616168918,1.5,big,linear,373
3643616168918,1.25,big,linear,359
3643616168918,1.5,small,linear,2000
3643616168918,1.25,medium,nonLinear,346
3643616168918,1.5,big,nonLinear,2000
3643616168918,1.5,big,nonLinear,439
3643616168918,1.25,medium,linear,346
3643616168918,1.25,small,linear,413
3643616168918,1.25,medium,linear,480
3643616168918,1.25,big,linear,346
3643616168918,1.5,small,linear,386
3643616168918,1.25,small,linear,2000
3643616168918,1.5,medium,nonLinear,373
3643616168918,1.25,small,nonLinear,453
3643616168918,1.5,big,linear,346
3643616168918,1.5,big,linear,320
3643616168918,1.25,big,nonLinear,853
,,,,
,,,,
3643616976964,1.5,medium,nonLinear,2000
3643616976964,1.25,big,linear,573
3643616976964,1.5,medium,linear,372
3643616976964,1.25,small,linear,2000
3643616976964,1.25,big,linear,413
3643616976964,1.25,big,nonLinear,373
3643616976964,1.5,medium,nonLinear,373
3643616976964,1.5,big,nonLinear,359
3643616976964,1.5,big,nonLinear,280
3643616976964,1.25,medium,linear,546
3643616976964,1.25,medium,linear,333
3643616976964,1.5,small,nonLinear,346
3643616976964,1.25,small,nonLinear,93
3643616976964,1.5,medium,nonLinear,493
3643616976964,1.5,medium,nonLinear,2000
3643616976964,1.25,small,linear,466
3643616976964,1.5,big,linear,2000
3643616976964,1.25,big,linear,373
3643616976964,1.25,medium,linear,333
3643616976964,1.25,small,linear,2000
3643616976964,1.5,medium,nonLinear,399
3643616976964,1.5,big,linear,453
3643616976964,1.5,medium,linear,2000
3643616976964,1.25,big,linear,293
3643616976964,1.5,medium,linear,399
3643616976964,1.5,medium,linear,2000
3643616976964,1.25,big,nonLinear,319
3643616976964,1.25,small,nonLinear,2000
3643616976964,1.5,medium,nonLinear,293
3643616976964,1.25,small,nonLinear,466
3643616976964,1.25,small,linear,373
3643616976964,1.5,small,linear,386
3643616976964,1.25,small,linear,2000
3643616976964,1.5,medium,linear,2000
3643616976964,1.25,big,nonLinear,320
3643616976964,1.5,medium,nonLinear,360
3643616976964,1.5,small,nonLinear,2000
3643616976964,1.25,big,linear,453
3643616976964,1.25,small,linear,2000
3643616976964,1.5,small,linear,359
3643616976964,1.25,big,linear,333
3643616976964,1.25,medium,nonLinear,373
3643616976964,1.5,big,nonLinear,2000
3643616976964,1.25,medium,nonLinear,319
3643616976964,1.25,small,nonLinear,2000
3643616976964,1.25,medium,nonLinear,280
3643616976964,1.5,medium,linear,2000
3643616976964,1.5,big,linear,2000
3643616976964,1.25,medium,linear,2000
3643616976964,1.5,big,nonLinear,413
3643616976964,1.25,small,nonLinear,453
3643616976964,1.5,big,nonLinear,2000
3643616976964,1.25,big,linear,346
3643616976964,1.25,medium,linear,346
3643616976964,1.5,small,nonLinear,386
3643616976964,1.25,medium,linear,2000
3643616976964,1.5,medium,linear,373
3643616976964,1.5,medium,nonLinear,373
3643616976964,1.5,big,nonLinear,2000
3643616976964,1.5,big,linear,357
3643616976964,1.25,medium,nonLinear,333
3643616976964,1.5,big,nonLinear,362
3643616976964,1.25,medium,nonLinear,2000
3643616976964,1.25,small,linear,2000
3643616976964,1.5,medium,linear,266
3643616976964,1.5,small,linear,360
3643616976964,1.25,medium,nonLinear,346
3643616976964,1.25,small,linear,333
3643616976964,1.5,small,linear,2000
3643616976964,1.5,small,linear,346
3643616976964,1.5,big,linear,2000
3643616976964,1.25,small,nonLinear,2000
3643616976964,1.25,medium,nonLinear,2000
3643616976964,1.25,medium,linear,365
3643616976964,1.25,medium,linear,332
3643616976964,1.5,medium,nonLinear,360
3643616976964,1.25,small,nonLinear,2000
3643616976964,1.5,medium,linear,372
3643616976964,1.25,small,linear,400
3643616976964,1.25,big,nonLinear,346
3643616976964,1.5,small,nonLinear,2000
3643616976964,1.5,big,linear,293
3643616976964,1.5,medium,nonLinear,359
3643616976964,1.5,big,linear,306
3643616976964,1.25,big,nonLinear,333
3643616976964,1.25,medium,linear,479
3643616976964,1.5,small,linear,586
3643616976964,1.25,small,linear,2000
3643616976964,1.5,medium,nonLinear,413
3643616976964,1.25,medium,nonLinear,2000
3643616976964,1.5,medium,nonLinear,332
3643616976964,1.25,big,linear,293
3643616976964,1.25,big,linear,466
3643616976964,1.25,medium,nonLinear,2000
3643616976964,1.5,big,nonLinear,586
3643616976964,1.25,medium,nonLinear,2000
3643616976964,1.25,small,nonLinear,2000
3643616976964,1.5,medium,nonLinear,426
3643616976964,1.25,big,nonLinear,2000
3643616976964,1.25,small,nonLinear,2000
,,,,
,,,,
3643617523042,1.5,medium,nonLinear,600
3643617523042,1.5,medium,nonLinear,2000
3643617523042,1.25,medium,linear,413
3643617523042,1.25,medium,linear,560
3643617523042,1.25,small,nonLinear,2000
3643617523042,1.25,small,linear,2000
3643617523042,1.25,medium,nonLinear,573
3643617523042,1.25,small,nonLinear,2000
3643617523042,1.25,small,nonLinear,2000
3643617523042,1.5,big,nonLinear,453
3643617523042,1.25,small,nonLinear,2000
3643617523042,1.25,big,linear,386
3643617523042,1.25,medium,linear,986
3643617523042,1.25,big,nonLinear,2000
3643617523042,1.5,medium,linear,2000
3643617523042,1.5,small,nonLinear,2000
3643617523042,1.25,medium,nonLinear,2000
3643617523042,1.5,medium,nonLinear,2000
3643617523042,1.25,big,linear,2000
3643617523042,1.5,big,linear,533
3643617523042,1.25,big,nonLinear,386
3643617523042,1.25,small,nonLinear,2000
3643617523042,1.25,big,linear,973
3643617523042,1.5,medium,linear,2000
3643617523042,1.5,big,nonLinear,479
3643617523042,1.5,medium,linear,2000
3643617523042,1.25,big,linear,2000
3643617523042,1.5,medium,nonLinear,506
3643617523042,1.25,small,nonLinear,2000
3643617523042,1.5,small,nonLinear,2000
3643617523042,1.25,small,linear,2000
3643617523042,1.5,big,nonLinear,533
3643617523042,1.5,big,nonLinear,439
3643617523042,1.5,small,nonLinear,2000
3643617523042,1.25,small,nonLinear,2000
3643617523042,1.25,medium,nonLinear,493
3643617523042,1.25,medium,nonLinear,2000
3643617523042,1.25,medium,linear,2000
3643617523042,1.5,medium,linear,453
3643617523042,1.25,medium,linear,2000
3643617523042,1.5,small,linear,2000
3643617523042,1.5,medium,nonLinear,2000
3643617523042,1.5,small,linear,440
3643617523042,1.5,big,linear,453
3643617523042,1.5,big,linear,466
3643617523042,1.25,small,linear,2000
3643617523042,1.5,small,linear,826
3643617523042,1.5,medium,linear,586
3643617523042,1.5,small,linear,2000
3643617523042,1.5,big,nonLinear,2000
3643617523042,1.5,big,linear,412
3643617523042,1.25,small,linear,2000
3643617523042,1.5,medium,nonLinear,546
3643617523042,1.25,medium,linear,413
3643617523042,1.5,medium,nonLinear,453
3643617523042,1.25,small,nonLinear,2000
3643617523042,1.5,small,linear,2000
3643617523042,1.5,small,linear,2000
3643617523042,1.5,big,linear,453
3643617523042,1.25,big,linear,520
3643617523042,1.25,big,nonLinear,826
3643617523042,1.5,small,linear,2000
3643617523042,1.25,medium,linear,465
3643617523042,1.25,big,nonLinear,666
3643617523042,1.5,big,linear,2000
3643617523042,1.25,small,linear,2000
3643617523042,1.25,big,linear,570
3643617523042,1.5,small,nonLinear,2000
3643617523042,1.25,big,linear,479
3643617523042,1.25,medium,linear,559
3643617523042,1.5,medium,linear,520
3643617523042,1.5,big,linear,613
3643617523042,1.5,medium,nonLinear,2000
3643617523042,1.25,small,linear,2000
3643617523042,1.25,big,linear,533
3643617523042,1.25,big,linear,2000
3643617523042,1.25,medium,linear,546
3643617523042,1.5,medium,linear,2000
3643617523042,1.25,medium,nonLinear,2000
3643617523042,1.25,big,linear,706
3643617523042,1.5,medium,nonLinear,573
3643617523042,1.5,medium,nonLinear,640
3643617523042,1.25,small,linear,2000
3643617523042,1.25,big,nonLinear,533
3643617523042,1.5,medium,nonLinear,627
3643617523042,1.5,big,linear,839
3643617523042,1.5,big,linear,2000
3643617523042,1.5,small,linear,2000
3643617523042,1.5,medium,nonLinear,755
3643617523042,1.5,medium,nonLinear,2000
3643617523042,1.25,big,linear,813
3643617523042,1.5,medium,nonLinear,680
3643617523042,1.5,small,linear,2000
3643617523042,1.25,small,linear,2000
3643617523042,1.25,small,linear,2000
3643617523042,1.25,medium,nonLinear,613
3643617523042,1.5,medium,nonLinear,2000
3643617523042,1.5,big,nonLinear,106
3643617523042,1.25,small,linear,733
3643617523042,1.25,medium,nonLinear,666
3643617523042,1.25,big,linear,2000
3643617523042,1.5,small,nonLinear,813
3643617523042,1.25,big,nonLinear,640
3643617523042,1.5,big,nonLinear,2000
3643617523042,1.25,medium,nonLinear,2000
3643617523042,1.5,medium,nonLinear,2000
3643617523042,1.5,small,linear,2000
3643617523042,1.25,small,nonLinear,2000
3643617523042,1.5,medium,nonLinear,466
3643617523042,1.5,small,nonLinear,2000
3643617523042,1.25,big,linear,705
3643617523042,1.5,medium,nonLinear,573
3643617523042,1.5,small,linear,2000
3643617523042,1.5,small,nonLinear,2000
3643617523042,1.5,big,nonLinear,520
3643617523042,1.25,big,nonLinear,453
3643617523042,1.5,big,nonLinear,609
3643617523042,1.25,medium,linear,921
3643617523042,1.25,big,linear,907
3643617523042,1.5,medium,linear,440
3643617523042,1.5,big,nonLinear,453
3643617523042,1.25,big,nonLinear,2000
3643617523042,1.5,medium,linear,2000
3643617523042,1.5,small,linear,2000
3643617523042,1.5,medium,nonLinear,2000
3643617523042,1.25,medium,nonLinear,480
3643617523042,1.25,medium,linear,559
3643617523042,1.25,big,nonLinear,586
3643617523042,1.25,medium,nonLinear,519
3643617523042,1.5,medium,linear,453
3643617523042,1.5,small,nonLinear,866
3643617523042,1.5,small,linear,480
3643617523042,1.5,small,linear,438
3643617523042,1.5,big,nonLinear,406
3643617523042,1.5,small,linear,2000
3643617523042,1.25,medium,linear,400
3643617523042,1.5,medium,nonLinear,398
3643617523042,1.5,big,linear,404
3643617523042,1.25,big,nonLinear,573
3643617523042,1.25,big,linear,2000
3643617523042,1.25,small,nonLinear,2000
3643617523042,1.25,medium,nonLinear,2000
3643617523042,1.25,small,nonLinear,2000
3643617523042,1.25,medium,nonLinear,2000
3643617523042,1.5,big,nonLinear,400
3643617523042,1.5,big,linear,933
3643617523042,1.5,small,linear,2000
3643617523042,1.5,big,nonLinear,467
3643617523042,1.5,big,nonLinear,582
3643617523042,1.5,medium,linear,706
3643617523042,1.25,small,nonLinear,2000
,,,,
,,,,
,,,,
,,,,
3643658788984,1.5,medium,linear,653
3643658788984,1.25,small,linear,2000
3643658788984,1.5,medium,linear,2000
3643658788984,1.5,small,nonLinear,574
3643658788984,1.5,small,nonLinear,2000
3643658788984,1.5,medium,nonLinear,466
3643658788984,1.5,medium,nonLinear,2000
3643658788984,1.5,big,linear,520
3643658788984,1.5,medium,linear,346
3643658788984,1.25,small,linear,2000
3643658788984,1.25,big,linear,319
3643658788984,1.5,big,nonLinear,439
3643658788984,1.25,small,nonLinear,2000
3643658788984,1.5,medium,nonLinear,359
3643658788984,1.25,big,nonLinear,533
3643658788984,1.25,small,linear,2000
3643658788984,1.25,big,linear,386
3643658788984,1.25,small,linear,2000
3643658788984,1.25,big,nonLinear,400
3643658788984,1.25,medium,linear,426
3643658788984,1.25,small,linear,2000
3643658788984,1.5,small,nonLinear,493
3643658788984,1.25,small,linear,519
3643658788984,1.5,small,linear,506
3643658788984,1.25,big,nonLinear,466
3643658788984,1.5,small,nonLinear,359
3643658788984,1.25,small,nonLinear,2000
3643658788984,1.25,small,nonLinear,2000
3643658788984,1.5,medium,linear,386
3643658788984,1.25,medium,linear,2000
3643658788984,1.25,medium,linear,573
3643658788984,1.25,small,nonLinear,2000
3643658788984,1.5,small,linear,2000
3643658788984,1.5,small,nonLinear,506
3643658788984,1.5,medium,nonLinear,2000
3643658788984,1.25,medium,nonLinear,440
3643658788984,1.5,small,linear,2000
3643658788984,1.5,big,linear,346
3643658788984,1.5,big,nonLinear,546
3643658788984,1.5,small,linear,2000
3643658788984,1.5,medium,linear,453
3643658788984,1.5,medium,linear,399
3643658788984,1.25,small,linear,2000
3643658788984,1.25,medium,nonLinear,2000
3643658788984,1.25,medium,nonLinear,2000
3643658788984,1.5,small,linear,2000
3643658788984,1.25,medium,linear,426
3643658788984,1.5,big,nonLinear,639
3643658788984,1.25,small,nonLinear,2000
3643658788984,1.25,small,linear,879
3643658788984,1.5,medium,linear,613
3643658788984,1.5,medium,nonLinear,720
3643658788984,1.25,small,nonLinear,2000
3643658788984,1.5,medium,linear,545
3643658788984,1.25,small,linear,2000
3643658788984,1.5,small,nonLinear,2000
3643658788984,1.5,small,nonLinear,2000
3643658788984,1.25,small,nonLinear,2000
3643658788984,1.5,small,linear,2000
3643658788984,1.25,medium,linear,386
3643658788984,1.25,medium,nonLinear,466
3643658788984,1.25,small,nonLinear,2000
3643658788984,1.25,big,linear,360
3643658788984,1.25,small,linear,2000
3643658788984,1.5,big,nonLinear,306
3643658788984,1.5,medium,linear,2000
3643658788984,1.5,small,linear,2000
3643658788984,1.25,small,nonLinear,2000
3643658788984,1.25,small,linear,693
3643658788984,1.5,small,nonLinear,2000
3643658788984,1.5,medium,nonLinear,2000
3643658788984,1.5,big,linear,533
3643658788984,1.5,big,nonLinear,2000
3643658788984,1.5,big,nonLinear,466
3643658788984,1.25,medium,linear,2000
3643658788984,1.5,medium,linear,2000
3643658788984,1.5,medium,linear,2000
3643658788984,1.25,small,nonLinear,120
3643658788984,1.5,medium,linear,333
3643658788984,1.5,small,nonLinear,2000
3643658788984,1.25,small,nonLinear,2000
3643658788984,1.5,medium,nonLinear,507
3643658788984,1.25,big,nonLinear,333
3643658788984,1.5,big,nonLinear,466
3643658788984,1.25,medium,nonLinear,2000
,,,,
,,,,
3643659424854,1.5,medium,linear,560
3643659424854,1.5,medium,linear,386
3643659424854,1.5,medium,nonLinear,2000
3643659424854,1.25,medium,nonLinear,520
3643659424854,1.25,medium,nonLinear,2000
3643659424854,1.5,small,linear,2000
3643659424854,1.25,big,linear,426
3643659424854,1.5,small,linear,2000
3643659424854,1.25,small,nonLinear,2000
3643659424854,1.5,small,nonLinear,2000
3643659424854,1.5,big,nonLinear,466
3643659424854,1.25,big,linear,2000
3643659424854,1.5,small,linear,2000
3643659424854,1.5,medium,linear,679
3643659424854,1.5,small,nonLinear,2000
3643659424854,1.25,medium,linear,2000
3643659424854,1.25,small,nonLinear,2000
3643659424854,1.5,small,nonLinear,386
3643659424854,1.5,small,nonLinear,493
3643659424854,1.25,small,linear,2000
3643659424854,1.25,small,nonLinear,2000
3643659424854,1.25,big,linear,520
3643659424854,1.25,medium,linear,2000
3643659424854,1.5,medium,nonLinear,2000
3643659424854,1.5,medium,linear,440
3643659424854,1.25,small,linear,613
3643659424854,1.25,big,nonLinear,2000
3643659424854,1.25,small,nonLinear,2000
3643659424854,1.25,small,nonLinear,2000
3643659424854,1.5,medium,nonLinear,453
3643659424854,1.25,small,linear,2000
3643659424854,1.25,medium,linear,400
3643659424854,1.25,medium,linear,346
3643659424854,1.5,medium,linear,320
3643659424854,1.5,medium,linear,360
3643659424854,1.5,small,nonLinear,2000
3643659424854,1.25,big,linear,386
3643659424854,1.25,small,nonLinear,2000
3643659424854,1.25,medium,nonLinear,2000
3643659424854,1.5,small,nonLinear,2000
3643659424854,1.5,small,nonLinear,2000
3643659424854,1.25,medium,nonLinear,533
3643659424854,1.5,medium,nonLinear,546
3643659424854,1.25,big,nonLinear,413
3643659424854,1.25,big,nonLinear,426
3643659424854,1.25,big,nonLinear,506
3643659424854,1.25,medium,linear,506
3643659424854,1.5,medium,linear,426
3643659424854,1.5,big,nonLinear,333
3643659424854,1.5,big,nonLinear,306
3643659424854,1.5,medium,linear,2000
3643659424854,1.5,medium,linear,333
3643659424854,1.25,small,nonLinear,506
3643659424854,1.5,small,nonLinear,2000
3643659424854,1.25,medium,nonLinear,386
3643659424854,1.25,big,nonLinear,346
3643659424854,1.5,small,linear,493
3643659424854,1.25,small,linear,2000
3643659424854,1.5,small,linear,2000
3643659424854,1.5,big,nonLinear,333
3643659424854,1.5,big,nonLinear,360
3643659424854,1.5,small,nonLinear,2000
3643659424854,1.25,small,linear,2000
3643659424854,1.5,medium,linear,253
3643659424854,1.5,small,nonLinear,333
3643659424854,1.25,small,linear,2000
3643659424854,1.5,small,nonLinear,413
3643659424854,1.25,big,nonLinear,586
3643659424854,1.5,medium,nonLinear,2000
3643659424854,1.5,small,linear,2000
3643659424854,1.5,big,linear,306
3643659424854,1.25,small,nonLinear,2000
3643659424854,1.5,big,nonLinear,372
3643659424854,1.5,big,nonLinear,333
3643659424854,1.25,small,nonLinear,2000
3643659424854,1.5,big,linear,346
3643659424854,1.25,big,linear,493
3643659424854,1.25,medium,nonLinear,2000
3643659424854,1.25,small,nonLinear,2000
3643659424854,1.5,big,nonLinear,480
3643659424854,1.5,small,linear,2000
3643659424854,1.5,small,nonLinear,2000
3643659424854,1.25,small,nonLinear,480
3643659424854,1.25,big,linear,400
3643659424854,1.5,big,linear,533
3643659424854,1.25,big,linear,2000
3643659424854,1.25,small,linear,493
3643659424854,1.25,small,linear,2000
3643659424854,1.25,medium,nonLinear,493
3643659424854,1.25,medium,linear,2000
3643659424854,1.5,small,nonLinear,2000
,,,,
,,,,
3643659916418,1.25,small,linear,439
3643659916418,1.25,medium,nonLinear,2000
3643659916418,1.25,medium,linear,413
3643659916418,1.25,small,linear,453
3643659916418,1.5,big,linear,506
3643659916418,1.5,small,linear,640
3643659916418,1.25,small,nonLinear,453
3643659916418,1.5,big,nonLinear,613
3643659916418,1.5,big,linear,426
3643659916418,1.5,small,nonLinear,2000
3643659916418,1.25,big,nonLinear,2000
3643659916418,1.5,medium,linear,413
3643659916418,1.5,small,linear,386
3643659916418,1.5,small,linear,386
3643659916418,1.5,medium,nonLinear,466
3643659916418,1.5,medium,linear,360
3643659916418,1.25,big,linear,2000
3643659916418,1.25,medium,nonLinear,466
3643659916418,1.5,big,nonLinear,400
3643659916418,1.25,small,linear,2000
3643659916418,1.25,big,linear,880
3643659916418,1.25,medium,nonLinear,2000
3643659916418,1.25,big,nonLinear,2000
3643659916418,1.5,small,linear,493
3643659916418,1.25,medium,nonLinear,440
3643659916418,1.5,big,nonLinear,373
3643659916418,1.25,small,linear,426
3643659916418,1.5,big,linear,320
3643659916418,1.5,big,nonLinear,533
3643659916418,1.25,small,linear,2000
3643659916418,1.5,small,linear,453
3643659916418,1.5,small,nonLinear,439
3643659916418,1.5,small,nonLinear,480
3643659916418,1.25,medium,nonLinear,2000
3643659916418,1.25,big,nonLinear,2000
3643659916418,1.5,medium,nonLinear,373
3643659916418,1.25,medium,nonLinear,400
3643659916418,1.5,big,nonLinear,648
3643659916418,1.5,medium,linear,386
3643659916418,1.5,medium,nonLinear,439
3643659916418,1.25,big,nonLinear,426
3643659916418,1.25,medium,linear,2000
3643659916418,1.5,small,linear,506
3643659916418,1.5,big,nonLinear,426
3643659916418,1.5,medium,nonLinear,572
3643659916418,1.25,small,nonLinear,800
3643659916418,1.25,small,nonLinear,586
3643659916418,1.5,medium,linear,426
3643659916418,1.25,small,nonLinear,386
3643659916418,1.25,medium,linear,467
3643659916418,1.25,small,linear,373
3643659916418,1.25,medium,linear,453
3643659916418,1.5,big,linear,373
3643659916418,1.25,big,nonLinear,359
3643659916418,1.5,small,nonLinear,2000
3643659916418,1.5,medium,linear,346
3643659916418,1.25,big,linear,2000
3643659916418,1.5,medium,linear,506
3643659916418,1.5,small,nonLinear,573
3643659916418,1.25,big,linear,413
3643659916418,1.25,small,linear,2000
3643659916418,1.5,medium,linear,453
3643659916418,1.25,small,nonLinear,386
3643659916418,1.25,medium,nonLinear,2000
3643659916418,1.5,medium,nonLinear,400
3643659916418,1.25,medium,linear,773
3643659916418,1.25,small,linear,2000
3643659916418,1.5,medium,linear,520
3643659916418,1.25,big,nonLinear,493
3643659916418,1.5,big,nonLinear,399
3643659916418,1.25,medium,nonLinear,506
3643659916418,1.5,medium,linear,2000
3643659916418,1.5,big,linear,626
3643659916418,1.5,big,linear,546
3643659916418,1.5,medium,linear,520
3643659916418,1.25,small,linear,533
3643659916418,1.25,medium,nonLinear,2000
3643659916418,1.5,big,linear,439
3643659916418,1.25,small,linear,2000
3643659916418,1.25,big,nonLinear,560
3643659916418,1.25,big,nonLinear,613
3643659916418,1.5,medium,nonLinear,511
3643659916418,1.5,small,nonLinear,2000
3643659916418,1.25,medium,nonLinear,2000
3643659916418,1.5,big,linear,373
3643659916418,1.25,big,nonLinear,426
3643659916418,1.25,small,linear,2000
3643659916418,1.5,big,linear,2000
3643659916418,1.25,small,linear,2000
3643659916418,1.5,big,nonLinear,426
3643659916418,1.5,medium,linear,373
3643659916418,1.25,small,linear,2000
3643659916418,1.25,big,linear,680
3643659916418,1.25,big,linear,666
3643659916418,1.5,big,linear,359
3643659916418,1.5,small,nonLinear,480
3643659916418,1.25,small,nonLinear,2000
3643659916418,1.5,small,nonLinear,413
3643659916418,1.5,medium,nonLinear,440
3643659916418,1.5,medium,linear,399
3643659916418,1.25,medium,linear,2000
3643659916418,1.25,small,linear,399
3643659916418,1.5,medium,nonLinear,411
3643659916418,1.25,small,nonLinear,760
3643659916418,1.25,big,linear,640
3643659916418,1.5,small,nonLinear,2000
3643659916418,1.5,small,nonLinear,520
3643659916418,1.25,small,nonLinear,791
3643659916418,1.5,big,linear,2000
3643659916418,1.5,medium,linear,453
3643659916418,1.25,small,linear,439
3643659916418,1.25,big,nonLinear,453
3643659916418,1.5,small,nonLinear,346
3643659916418,1.5,medium,nonLinear,400
3643659916418,1.5,big,nonLinear,426
3643659916418,1.25,big,nonLinear,586
3643659916418,1.5,medium,linear,426
3643659916418,1.25,big,linear,346
3643659916418,1.25,medium,nonLinear,333
3643659916418,1.25,big,linear,440
3643659916418,1.25,small,linear,413
3643659916418,1.5,medium,nonLinear,466
3643659916418,1.5,big,nonLinear,386
3643659916418,1.25,small,nonLinear,800
3643659916418,1.25,small,nonLinear,626
3643659916418,1.5,medium,nonLinear,453
3643659916418,1.25,small,linear,546
3643659916418,1.25,medium,linear,400
3643659916418,1.25,small,nonLinear,2000
3643659916418,1.25,big,nonLinear,426
3643659916418,1.25,medium,nonLinear,2000
3643659916418,1.25,big,linear,360
3643659916418,1.25,big,nonLinear,386
3643659916418,1.25,small,linear,426
3643659916418,1.25,big,linear,426
3643659916418,1.25,big,nonLinear,437
3643659916418,1.5,big,nonLinear,333
3643659916418,1.25,big,nonLinear,493
3643659916418,1.25,medium,linear,2000
3643659916418,1.25,small,linear,413
3643659916418,1.25,big,linear,400
3643659916418,1.25,medium,nonLinear,400
3643659916418,1.5,medium,nonLinear,426
3643659916418,1.5,medium,nonLinear,533
3643659916418,1.5,medium,nonLinear,466
3643659916418,1.25,big,linear,426
3643659916418,1.25,big,linear,493
3643659916418,1.25,small,linear,866
3643659916418,1.25,big,linear,2000
3643659916418,1.25,medium,nonLinear,466
3643659916418,1.5,big,nonLinear,506
3643659916418,1.5,small,nonLinear,399
3643659916418,1.25,medium,linear,400
3643659916418,1.5,medium,linear,452
3643659916418,1.25,small,nonLinear,440
3643659916418,1.5,medium,nonLinear,439
3643659916418,1.5,small,linear,2000
3643659916418,1.5,medium,linear,400
3643659916418,1.25,small,nonLinear,653
3643659916418,1.25,small,nonLinear,386
3643659916418,1.25,medium,nonLinear,413
3643659916418,1.5,medium,linear,413
3643659916418,1.25,medium,linear,293
3643659916418,1.5,medium,linear,421
3643659916418,1.5,medium,nonLinear,373
3643659916418,1.5,big,nonLinear,413
3643659916418,1.5,medium,linear,453
,,,,
,,,,
3643663122974,1.5,medium,nonLinear,453
3643663122974,1.25,big,linear,400
3643663122974,1.25,small,linear,2000
3643663122974,1.5,medium,linear,2000
3643663122974,1.5,big,linear,373
3643663122974,1.5,big,nonLinear,346
3643663122974,1.25,big,nonLinear,560
3643663122974,1.5,small,linear,2000
3643663122974,1.25,big,linear,306
3643663122974,1.25,big,nonLinear,293
3643663122974,1.25,medium,nonLinear,320
3643663122974,1.25,medium,linear,279
3643663122974,1.5,small,nonLinear,573
3643663122974,1.5,medium,nonLinear,319
3643663122974,1.25,big,linear,306
3643663122974,1.25,medium,nonLinear,359
3643663122974,1.25,small,nonLinear,438
3643663122974,1.25,big,nonLinear,386
3643663122974,1.5,small,nonLinear,2000
3643663122974,1.5,medium,linear,319
3643663122974,1.5,small,linear,2000
3643663122974,1.5,medium,nonLinear,706
3643663122974,1.25,medium,nonLinear,440
3643663122974,1.25,medium,nonLinear,386
3643663122974,1.25,big,linear,373
3643663122974,1.5,medium,linear,2000
3643663122974,1.5,big,nonLinear,533
3643663122974,1.25,small,nonLinear,613
3643663122974,1.5,small,linear,2000
3643663122974,1.25,medium,linear,2000
3643663122974,1.25,small,nonLinear,2000
3643663122974,1.5,small,linear,2000
3643663122974,1.5,medium,linear,2000
3643663122974,1.25,medium,linear,306
3643663122974,1.25,medium,nonLinear,320
3643663122974,1.5,big,nonLinear,2000
3643663122974,1.25,medium,nonLinear,346
3643663122974,1.25,small,linear,2000
3643663122974,1.25,small,linear,2000
3643663122974,1.5,big,linear,307
3643663122974,1.5,medium,nonLinear,333
3643663122974,1.5,small,nonLinear,2000
3643663122974,1.5,big,nonLinear,373
3643663122974,1.5,small,linear,2000
3643663122974,1.25,medium,linear,480
3643663122974,1.5,big,linear,426
3643663122974,1.25,small,linear,2000
3643663122974,1.25,small,nonLinear,2000
3643663122974,1.25,big,linear,2000
3643663122974,1.5,small,linear,2000
3643663122974,1.25,medium,linear,346
3643663122974,1.5,medium,nonLinear,493
3643663122974,1.25,big,linear,2000
3643663122974,1.5,small,linear,346
3643663122974,1.5,medium,linear,346
3643663122974,1.25,small,linear,2000
3643663122974,1.5,big,linear,453
3643663122974,1.5,medium,linear,2000
3643663122974,1.5,big,linear,279
3643663122974,1.25,small,nonLinear,400
3643663122974,1.25,small,nonLinear,2000
3643663122974,1.25,small,linear,560
3643663122974,1.5,medium,nonLinear,600
3643663122974,1.25,small,nonLinear,2000
3643663122974,1.5,big,nonLinear,319
3643663122974,1.25,medium,linear,493
3643663122974,1.25,small,nonLinear,2000
3643663122974,1.25,small,nonLinear,2000
3643663122974,1.25,small,nonLinear,2000
3643663122974,1.25,big,nonLinear,386
3643663122974,1.5,medium,nonLinear,453
3643663122974,1.25,big,linear,319
3643663122974,1.5,medium,nonLinear,333
3643663122974,1.25,big,nonLinear,386
3643663122974,1.25,small,nonLinear,360
3643663122974,1.25,medium,linear,347
3643663122974,1.5,big,nonLinear,373
3643663122974,1.25,medium,nonLinear,479
3643663122974,1.25,big,nonLinear,346
3643663122974,1.5,small,nonLinear,2000
3643663122974,1.5,medium,nonLinear,2000
3643663122974,1.5,medium,nonLinear,320
3643663122974,1.25,small,nonLinear,266
3643663122974,1.25,big,linear,386
3643663122974,1.5,big,nonLinear,466
3643663122974,1.5,small,nonLinear,386
3643663122974,1.5,small,linear,480
3643663122974,1.5,medium,linear,2000
,,,,
,,,,
3643665257702,1.25,small,nonLinear,2000
3643665257702,1.5,medium,nonLinear,519
3643665257702,1.5,small,nonLinear,2000
3643665257702,1.5,medium,linear,520
3643665257702,1.25,small,linear,2000
3643665257702,1.25,big,linear,413
3643665257702,1.25,small,linear,2000
3643665257702,1.25,medium,linear,2000
3643665257702,1.25,small,linear,2000
3643665257702,1.5,medium,linear,2000
3643665257702,1.25,big,nonLinear,400
3643665257702,1.25,big,nonLinear,386
3643665257702,1.25,small,linear,2000
3643665257702,1.5,medium,linear,373
3643665257702,1.25,big,nonLinear,502
3643665257702,1.25,medium,linear,426
3643665257702,1.25,medium,linear,493
3643665257702,1.25,small,linear,2000
3643665257702,1.5,small,nonLinear,520
3643665257702,1.25,big,nonLinear,493
3643665257702,1.25,big,nonLinear,506
3643665257702,1.25,big,nonLinear,413
3643665257702,1.5,medium,linear,359
3643665257702,1.25,big,linear,520
3643665257702,1.25,medium,linear,372
3643665257702,1.25,small,nonLinear,493
3643665257702,1.25,small,nonLinear,466
3643665257702,1.25,medium,nonLinear,493
3643665257702,1.25,medium,linear,426
3643665257702,1.25,big,nonLinear,466
3643665257702,1.25,medium,nonLinear,333
3643665257702,1.25,medium,nonLinear,333
3643665257702,1.25,small,linear,2000
3643665257702,1.5,medium,linear,320
3643665257702,1.5,small,nonLinear,466
3643665257702,1.5,small,nonLinear,2000
3643665257702,1.25,small,nonLinear,2000
3643665257702,1.25,small,linear,2000
3643665257702,1.5,small,linear,400
3643665257702,1.5,medium,linear,413
3643665257702,1.5,medium,linear,400
3643665257702,1.5,medium,linear,373
3643665257702,1.25,small,nonLinear,306
3643665257702,1.25,big,linear,439
3643665257702,1.5,medium,linear,2000
3643665257702,1.25,small,linear,2000
3643665257702,1.5,small,linear,2000
3643665257702,1.25,small,nonLinear,2000
3643665257702,1.5,medium,nonLinear,333
3643665257702,1.25,small,nonLinear,2000
3643665257702,1.25,medium,linear,346
3643665257702,1.25,big,nonLinear,480
3643665257702,1.5,medium,linear,440
3643665257702,1.25,big,linear,706
3643665257702,1.5,medium,nonLinear,453
3643665257702,1.5,medium,nonLinear,373
3643665257702,1.25,small,nonLinear,2000
3643665257702,1.5,small,linear,2000
3643665257702,1.5,big,nonLinear,306
3643665257702,1.5,medium,nonLinear,439
3643665257702,1.5,big,linear,2000
3643665257702,1.5,small,linear,2000
3643665257702,1.25,small,linear,2000
3643665257702,1.5,medium,nonLinear,826
3643665257702,1.5,medium,nonLinear,2000
3643665257702,1.5,medium,linear,2000
3643665257702,1.5,medium,linear,599
3643665257702,1.5,small,linear,2000
3643665257702,1.5,big,nonLinear,666
3643665257702,1.25,medium,nonLinear,546
3643665257702,1.5,medium,nonLinear,2000
3643665257702,1.25,small,nonLinear,2000
3643665257702,1.25,small,nonLinear,2000
3643665257702,1.25,big,linear,2000
3643665257702,1.5,big,linear,453
3643665257702,1.25,medium,linear,706
3643665257702,1.25,big,linear,453
3643665257702,1.5,small,nonLinear,2000
3643665257702,1.25,big,nonLinear,413
3643665257702,1.25,small,linear,2000
3643665257702,1.5,big,nonLinear,546
3643665257702,1.25,medium,nonLinear,2000
3643665257702,1.5,small,linear,2000
3643665257702,1.25,big,nonLinear,493
3643665257702,1.25,big,nonLinear,546
3643665257702,1.5,medium,nonLinear,653
3643665257702,1.5,medium,linear,600
3643665257702,1.5,big,nonLinear,2000
3643665257702,1.25,small,nonLinear,2000
3643665257702,1.5,medium,nonLinear,2000
3643665257702,1.25,small,linear,2000
3643665257702,1.25,medium,linear,453
3643665257702,1.5,medium,linear,786
3643665257702,1.5,medium,nonLinear,2000
3643665257702,1.5,medium,linear,573
3643665257702,1.25,medium,nonLinear,2000
3643665257702,1.5,medium,nonLinear,493
3643665257702,1.5,big,nonLinear,680
3643665257702,1.25,small,nonLinear,2000
3643665257702,1.25,medium,linear,639
3643665257702,1.5,small,linear,2000
3643665257702,1.5,small,linear,2000
3643665257702,1.5,medium,nonLinear,840
3643665257702,1.25,medium,nonLinear,2000
3643665257702,1.5,big,nonLinear,653
3643665257702,1.5,medium,linear,2000
3643665257702,1.25,big,linear,493
3643665257702,1.5,small,nonLinear,2000
3643665257702,1.25,small,linear,2000
3643665257702,1.25,small,nonLinear,2000
3643665257702,1.5,big,nonLinear,426
3643665257702,1.5,medium,linear,2000
3643665257702,1.25,medium,linear,2000
3643665257702,1.25,medium,nonLinear,2000
3643665257702,1.5,small,linear,2000
3643665257702,1.25,medium,linear,2000
3643665257702,1.25,small,linear,2000
3643665257702,1.5,medium,nonLinear,506
3643665257702,1.5,small,nonLinear,466
3643665257702,1.25,big,linear,400
3643665257702,1.5,big,linear,360
3643665257702,1.5,big,nonLinear,520
3643665257702,1.5,medium,nonLinear,2000
3643665257702,1.5,medium,linear,2000
3643665257702,1.5,medium,linear,426
3643665257702,1.25,small,linear,2000
3643665257702,1.25,big,linear,480
3643665257702,1.5,small,nonLinear,413
3643665257702,1.5,big,nonLinear,480
3643665257702,1.5,medium,linear,586
3643665257702,1.25,small,nonLinear,2000
3643665257702,1.25,big,linear,2000
3643665257702,1.5,medium,linear,466
3643665257702,1.5,big,nonLinear,546
3643665257702,1.25,medium,nonLinear,773
3643665257702,1.25,big,nonLinear,773
3643665257702,1.25,big,nonLinear,466
3643665257702,1.25,medium,nonLinear,2000
3643665257702,1.25,small,nonLinear,2000
3643665257702,1.5,medium,linear,520
3643665257702,1.25,medium,linear,613
3643665257702,1.5,big,linear,426
3643665257702,1.5,big,linear,453
3643665257702,1.5,medium,nonLinear,679
3643665257702,1.5,big,nonLinear,613
3643665257702,1.25,small,nonLinear,2000
3643665257702,1.25,medium,nonLinear,2000
3643665257702,1.25,medium,nonLinear,613
3643665257702,1.5,medium,linear,653
3643665257702,1.5,medium,linear,613
3643665257702,1.5,medium,nonLinear,493
3643665257702,1.5,medium,nonLinear,626
3643665257702,1.5,medium,linear,773
3643665257702,1.5,big,linear,520
3643665257702,1.25,medium,linear,2000
3643665257702,1.5,medium,nonLinear,493
3643665257702,1.5,small,nonLinear,2000
3643665257702,1.5,small,linear,2000
3643665257702,1.5,medium,linear,386
3643665257702,1.25,small,nonLinear,2000
3643665257702,1.25,small,linear,2000
3643665257702,1.25,big,linear,2000
3643665257702,1.25,medium,nonLinear,2000
3643665257702,1.5,big,nonLinear,320
3643665257702,1.5,medium,nonLinear,373
3643665257702,1.5,big,nonLinear,453
3643665257702,1.25,small,linear,2000
,,,,
,,,,
3643666512978,1.5,medium,nonLinear,586
3643666512978,1.5,big,nonLinear,494
3643666512978,1.5,medium,linear,280
3643666512978,1.25,big,linear,2000
3643666512978,1.5,small,linear,2000
3643666512978,1.25,big,nonLinear,2000
3643666512978,1.5,medium,nonLinear,2000
3643666512978,1.5,big,linear,466
3643666512978,1.5,small,linear,2000
3643666512978,1.5,big,nonLinear,346
3643666512978,1.25,small,nonLinear,2000
3643666512978,1.25,small,nonLinear,2000
3643666512978,1.25,big,linear,546
3643666512978,1.25,small,linear,2000
3643666512978,1.5,small,nonLinear,2000
3643666512978,1.25,big,nonLinear,466
3643666512978,1.5,small,linear,774
3643666512978,1.25,medium,nonLinear,2000
3643666512978,1.25,small,nonLinear,2000
3643666512978,1.25,medium,linear,2000
3643666512978,1.25,small,linear,2000
3643666512978,1.25,small,linear,2000
3643666512978,1.25,small,nonLinear,2000
3643666512978,1.5,medium,nonLinear,2000
3643666512978,1.25,big,nonLinear,439
3643666512978,1.5,big,linear,2000
3643666512978,1.25,big,linear,786
3643666512978,1.5,small,nonLinear,773
3643666512978,1.5,medium,nonLinear,2000
3643666512978,1.25,big,linear,2000
3643666512978,1.25,small,linear,2000
3643666512978,1.5,small,nonLinear,2000
3643666512978,1.25,big,nonLinear,426
3643666512978,1.5,big,linear,560
3643666512978,1.5,medium,linear,666
3643666512978,1.5,small,linear,2000
3643666512978,1.5,small,nonLinear,2000
3643666512978,1.25,medium,nonLinear,440
3643666512978,1.5,medium,nonLinear,680
3643666512978,1.25,small,nonLinear,2000
3643666512978,1.25,big,nonLinear,435
3643666512978,1.5,big,linear,504
3643666512978,1.5,medium,linear,359
3643666512978,1.25,medium,nonLinear,399
3643666512978,1.25,small,nonLinear,200
3643666512978,1.5,medium,linear,440
3643666512978,1.25,big,nonLinear,373
3643666512978,1.5,small,nonLinear,506
3643666512978,1.5,small,linear,426
3643666512978,1.25,medium,nonLinear,2000
3643666512978,1.5,small,nonLinear,2000
3643666512978,1.25,medium,nonLinear,2000
3643666512978,1.5,medium,nonLinear,2000
3643666512978,1.5,medium,linear,450
3643666512978,1.5,small,linear,2000
3643666512978,1.5,small,linear,80
3643666512978,1.5,big,nonLinear,599
3643666512978,1.5,medium,nonLinear,2000
3643666512978,1.25,medium,nonLinear,266
3643666512978,1.25,medium,nonLinear,266
3643666512978,1.25,small,linear,2000
3643666512978,1.5,medium,nonLinear,547
3643666512978,1.5,small,linear,2000
3643666512978,1.25,small,linear,2000
3643666512978,1.25,small,linear,2000
3643666512978,1.5,small,nonLinear,2000
3643666512978,1.25,small,nonLinear,2000
3643666512978,1.5,big,linear,533
3643666512978,1.25,small,linear,2000
3643666512978,1.25,medium,linear,2000
3643666512978,1.25,medium,linear,2000
3643666512978,1.25,small,linear,2000
3643666512978,1.25,big,nonLinear,413
3643666512978,1.5,big,nonLinear,466
3643666512978,1.25,small,linear,2000
3643666512978,1.25,medium,linear,360
3643666512978,1.25,big,nonLinear,320
3643666512978,1.5,big,nonLinear,226
3643666512978,1.5,medium,nonLinear,400
3643666512978,1.5,small,linear,2000
3643666512978,1.25,medium,linear,426
3643666512978,1.25,small,nonLinear,2000
3643666512978,1.5,medium,nonLinear,2000
3643666512978,1.5,small,nonLinear,599
3643666512978,1.5,big,nonLinear,2000
3643666512978,1.5,medium,nonLinear,2000
3643666512978,1.25,small,linear,2000
3643666512978,1.5,big,nonLinear,426
3643666512978,1.25,medium,nonLinear,306
3643666512978,1.25,small,nonLinear,2000
3643666512978,1.5,big,linear,320
3643666512978,1.25,big,linear,506
3643666512978,1.25,big,linear,413
3643666512978,1.25,medium,nonLinear,680
3643666512978,1.5,small,nonLinear,2000
3643666512978,1.5,medium,linear,453
3643666512978,1.5,medium,linear,360
3643666512978,1.25,medium,nonLinear,453
3643666512978,1.25,small,nonLinear,2000
3643666512978,1.5,medium,nonLinear,480
3643666512978,1.5,big,nonLinear,520
3643666512978,1.25,medium,nonLinear,2000
3643666512978,1.5,medium,nonLinear,293
3643666512978,1.25,big,nonLinear,727
3643666512978,1.25,small,nonLinear,680
3643666512978,1.5,medium,nonLinear,666
3643666512978,1.5,small,linear,2000
3643666512978,1.25,small,linear,2000
3643666512978,1.25,small,linear,2000
3643666512978,1.25,big,nonLinear,2000
3643666512978,1.5,medium,nonLinear,2000
3643666512978,1.5,medium,linear,2000
3643666512978,1.25,big,linear,626
3643666512978,1.5,medium,linear,506
3643666512978,1.25,small,nonLinear,2000
3643666512978,1.5,medium,linear,2000
3643666512978,1.5,big,linear,413
3643666512978,1.25,big,linear,386
3643666512978,1.25,medium,nonLinear,373
3643666512978,1.5,small,linear,480
3643666512978,1.5,small,nonLinear,652
3643666512978,1.25,medium,linear,546
3643666512978,1.5,big,linear,400
3643666512978,1.5,small,nonLinear,2000
3643666512978,1.5,medium,nonLinear,400
3643666512978,1.5,small,linear,2000
3643666512978,1.5,medium,nonLinear,386
3643666512978,1.25,small,nonLinear,2000
3643666512978,1.25,big,nonLinear,333
3643666512978,1.25,big,linear,2000
3643666512978,1.25,small,nonLinear,2000
3643666512978,1.5,small,nonLinear,2000
3643666512978,1.25,small,nonLinear,2000
3643666512978,1.5,big,nonLinear,466
3643666512978,1.25,medium,linear,2000
3643666512978,1.5,small,linear,706
,,,,
,,,,
3643667115467,1.5,small,linear,2000
3643667115467,1.5,medium,nonLinear,2000
3643667115467,1.25,big,linear,560
3643667115467,1.5,small,linear,2000
3643667115467,1.5,big,linear,453
3643667115467,1.5,small,linear,573
3643667115467,1.25,big,nonLinear,426
3643667115467,1.5,big,nonLinear,400
3643667115467,1.25,medium,nonLinear,2000
3643667115467,1.5,medium,linear,320
3643667115467,1.5,big,linear,373
3643667115467,1.25,medium,nonLinear,386
3643667115467,1.5,big,nonLinear,440
3643667115467,1.25,medium,nonLinear,2000
3643667115467,1.25,big,linear,333
3643667115467,1.25,small,linear,2000
3643667115467,1.25,small,linear,506
3643667115467,1.5,small,linear,2000
3643667115467,1.5,big,linear,386
3643667115467,1.5,big,linear,373
3643667115467,1.5,big,nonLinear,346
3643667115467,1.25,big,nonLinear,346
3643667115467,1.25,medium,linear,2000
3643667115467,1.25,small,linear,2000
3643667115467,1.25,big,linear,387
3643667115467,1.25,big,linear,266
3643667115467,1.25,big,linear,440
3643667115467,1.25,small,nonLinear,2000
3643667115467,1.25,big,linear,293
3643667115467,1.5,medium,nonLinear,2000
3643667115467,1.5,medium,nonLinear,342
3643667115467,1.5,big,linear,453
3643667115467,1.5,small,linear,2000
3643667115467,1.25,big,nonLinear,466
3643667115467,1.5,small,nonLinear,2000
3643667115467,1.25,medium,linear,2000
3643667115467,1.25,big,nonLinear,533
3643667115467,1.25,small,linear,2000
3643667115467,1.5,big,linear,493
3643667115467,1.25,small,linear,2000
3643667115467,1.5,medium,nonLinear,2000
3643667115467,1.5,small,nonLinear,373
3643667115467,1.25,small,nonLinear,2000
3643667115467,1.25,small,linear,2000
3643667115467,1.25,big,linear,373
3643667115467,1.5,medium,linear,640
3643667115467,1.25,small,nonLinear,2000
3643667115467,1.5,big,nonLinear,333
3643667115467,1.25,big,nonLinear,506
3643667115467,1.5,small,nonLinear,2000
3643667115467,1.25,small,linear,2000
3643667115467,1.5,big,linear,306
3643667115467,1.5,big,linear,493
3643667115467,1.25,small,linear,2000
3643667115467,1.5,medium,linear,2000
3643667115467,1.25,big,linear,279
3643667115467,1.25,big,linear,400
3643667115467,1.5,small,nonLinear,2000
3643667115467,1.5,small,nonLinear,2000
3643667115467,1.25,big,linear,440
3643667115467,1.25,big,linear,586
3643667115467,1.5,medium,linear,573
3643667115467,1.25,small,linear,2000
3643667115467,1.25,small,linear,2000
3643667115467,1.5,small,linear,466
3643667115467,1.5,big,linear,346
3643667115467,1.5,big,linear,560
3643667115467,1.5,small,linear,2000
3643667115467,1.25,small,nonLinear,560
3643667115467,1.25,small,linear,2000
3643667115467,1.5,big,linear,346
3643667115467,1.5,small,nonLinear,586
3643667115467,1.25,big,nonLinear,2000
3643667115467,1.5,medium,linear,2000
3643667115467,1.5,medium,linear,373
3643667115467,1.5,big,nonLinear,426
3643667115467,1.25,small,nonLinear,2000
3643667115467,1.25,small,nonLinear,2000
3643667115467,1.25,small,linear,2000
3643667115467,1.5,big,linear,386
3643667115467,1.5,small,linear,679
3643667115467,1.25,medium,linear,2000
3643667115467,1.25,medium,nonLinear,2000
3643667115467,1.5,medium,linear,466
3643667115467,1.5,medium,nonLinear,453
3643667115467,1.25,small,nonLinear,2000
3643667115467,1.5,small,nonLinear,2000
3643667115467,1.25,medium,nonLinear,546
3643667115467,1.5,small,nonLinear,813
3643667115467,1.5,medium,linear,319
3643667115467,1.25,big,linear,266
3643667115467,1.5,medium,nonLinear,386
3643667115467,1.25,small,nonLinear,2000
3643667115467,1.25,small,nonLinear,2000
3643667115467,1.25,big,linear,346
3643667115467,1.25,big,linear,2000
3643667115467,1.5,small,nonLinear,2000
3643667115467,1.25,big,linear,2000
3643667115467,1.5,small,nonLinear,2000
3643667115467,1.5,small,nonLinear,2000
3643667115467,1.5,medium,nonLinear,479
3643667115467,1.25,small,nonLinear,2000
3643667115467,1.25,small,linear,2000
3643667115467,1.5,medium,nonLinear,413
3643667115467,1.5,medium,nonLinear,413
3643667115467,1.5,medium,linear,439
3643667115467,1.25,small,nonLinear,2000
3643667115467,1.25,small,nonLinear,2000
3643667115467,1.25,small,nonLinear,2000
3643667115467,1.25,small,nonLinear,2000
3643667115467,1.5,small,nonLinear,506
3643667115467,1.25,medium,nonLinear,507
3643667115467,1.25,small,linear,2000
3643667115467,1.25,small,linear,2000
3643667115467,1.5,big,linear,413
3643667115467,1.25,small,linear,2000
3643667115467,1.25,small,linear,2000
3643667115467,1.25,small,nonLinear,2000
3643667115467,1.5,big,nonLinear,479
3643667115467,1.25,small,nonLinear,2000
3643667115467,1.5,medium,linear,453
3643667115467,1.25,small,nonLinear,2000
3643667115467,1.5,medium,nonLinear,400
3643667115467,1.25,medium,nonLinear,2000
3643667115467,1.25,small,linear,2000
3643667115467,1.5,big,linear,359
3643667115467,1.25,big,linear,346
3643667115467,1.5,big,nonLinear,412
3643667115467,1.5,small,linear,2000
3643667115467,1.5,big,nonLinear,399
3643667115467,1.25,big,linear,346
3643667115467,1.25,medium,linear,546
3643667115467,1.25,big,nonLinear,452
3643667115467,1.5,medium,linear,720
3643667115467,1.5,medium,linear,2000
3643667115467,1.25,small,linear,560
3643667115467,1.25,big,nonLinear,2000
3643667115467,1.25,big,linear,2000
3643667115467,1.5,small,nonLinear,2000
,,,,
,,,,
3643671975974,1.25,medium,nonLinear,2000
3643671975974,1.5,medium,linear,2000
3643671975974,1.25,small,linear,2000
3643671975974,1.5,medium,linear,2000
3643671975974,1.25,small,nonLinear,2000
3643671975974,1.25,big,linear,2000
3643671975974,1.25,small,linear,2000
3643671975974,1.5,small,linear,2000
3643671975974,1.5,medium,nonLinear,2000
3643671975974,1.25,small,nonLinear,2000
3643671975974,1.5,medium,linear,746
3643671975974,1.5,big,linear,2000
3643671975974,1.5,small,linear,2000
3643671975974,1.5,big,nonLinear,426
3643671975974,1.5,big,nonLinear,2000
3643671975974,1.25,medium,linear,746
3643671975974,1.5,small,linear,2000
3643671975974,1.5,big,nonLinear,2000
3643671975974,1.5,small,nonLinear,2000
3643671975974,1.5,big,linear,720
3643671975974,1.5,small,linear,2000
3643671975974,1.5,small,linear,2000
3643671975974,1.5,small,nonLinear,2000
3643671975974,1.5,big,nonLinear,666
3643671975974,1.5,big,linear,2000
3643671975974,1.5,small,linear,2000
3643671975974,1.5,medium,linear,2000
3643671975974,1.5,small,linear,795
3643671975974,1.5,big,nonLinear,2000
3643671975974,1.5,small,nonLinear,2000
3643671975974,1.25,medium,linear,933
3643671975974,1.5,medium,linear,2000
3643671975974,1.25,big,linear,693
3643671975974,1.25,small,linear,2000
3643671975974,1.5,big,linear,640
3643671975974,1.5,big,linear,2000
3643671975974,1.25,small,nonLinear,2000
3643671975974,1.25,big,nonLinear,2000
3643671975974,1.25,big,nonLinear,368
3643671975974,1.25,big,linear,2000
3643671975974,1.5,small,linear,2000
3643671975974,1.25,medium,linear,2000
3643671975974,1.25,big,linear,2000
3643671975974,1.5,small,nonLinear,2000
3643671975974,1.5,big,nonLinear,2000
3643671975974,1.25,small,nonLinear,2000
3643671975974,1.25,small,nonLinear,2000
3643671975974,1.5,medium,linear,2000
3643671975974,1.5,medium,linear,2000
3643671975974,1.25,small,nonLinear,906
3643671975974,1.25,small,nonLinear,2000
3643671975974,1.25,medium,nonLinear,2000
3643671975974,1.5,big,linear,559
3643671975974,1.25,small,linear,2000
3643671975974,1.5,small,nonLinear,2000
3643671975974,1.25,small,nonLinear,2000
3643671975974,1.5,medium,nonLinear,506
3643671975974,1.25,big,nonLinear,586
3643671975974,1.25,small,linear,2000
3643671975974,1.5,medium,linear,2000
3643671975974,1.25,small,nonLinear,2000
3643671975974,1.5,big,nonLinear,2000
3643671975974,1.25,big,nonLinear,533
3643671975974,1.25,medium,linear,2000
3643671975974,1.5,medium,linear,2000
3643671975974,1.25,medium,linear,2000
3643671975974,1.5,small,nonLinear,533
3643671975974,1.5,big,linear,693
3643671975974,1.5,big,linear,640
3643671975974,1.25,big,nonLinear,773
3643671975974,1.25,medium,nonLinear,2000
3643671975974,1.25,big,nonLinear,2000
3643671975974,1.5,big,linear,986
3643671975974,1.5,medium,nonLinear,773
3643671975974,1.25,big,nonLinear,2000
3643671975974,1.25,big,linear,826
3643671975974,1.25,small,linear,2000
3643671975974,1.5,small,nonLinear,2000
3643671975974,1.25,big,nonLinear,666
3643671975974,1.25,medium,nonLinear,2000
3643671975974,1.25,big,nonLinear,693
3643671975974,1.25,big,linear,586
3643671975974,1.25,small,nonLinear,560
3643671975974,1.25,big,nonLinear,693
3643671975974,1.5,medium,linear,533
3643671975974,1.5,medium,linear,800
3643671975974,1.5,medium,linear,560
3643671975974,1.25,small,nonLinear,2000
3643671975974,1.25,medium,linear,2000
3643671975974,1.25,big,linear,2000
3643671975974,1.5,big,nonLinear,613
3643671975974,1.25,big,nonLinear,480
3643671975974,1.25,small,nonLinear,2000
3643671975974,1.5,big,linear,480
3643671975974,1.25,small,nonLinear,2000
3643671975974,1.25,big,nonLinear,613
3643671975974,1.25,small,linear,2000
3643671975974,1.5,medium,linear,666
3643671975974,1.25,medium,nonLinear,2000
3643671975974,1.5,small,nonLinear,693
3643671975974,1.25,medium,nonLinear,826
3643671975974,1.5,small,nonLinear,2000
3643671975974,1.5,small,nonLinear,2000
3643671975974,1.25,medium,nonLinear,2000
3643671975974,1.5,medium,nonLinear,559
3643671975974,1.5,big,linear,426
3643671975974,1.25,small,nonLinear,2000
3643671975974,1.25,small,nonLinear,666
3643671975974,1.25,small,nonLinear,2000
3643671975974,1.25,small,linear,2000
3643671975974,1.5,big,linear,586
3643671975974,1.5,medium,nonLinear,640
3643671975974,1.5,small,nonLinear,2000
3643671975974,1.5,big,nonLinear,506
3643671975974,1.25,big,linear,2000
3643671975974,1.5,small,linear,2000
3643671975974,1.5,small,linear,2000
3643671975974,1.25,small,nonLinear,2000
3643671975974,1.5,small,nonLinear,2000
3643671975974,1.5,medium,nonLinear,566
3643671975974,1.5,big,linear,2000
3643671975974,1.25,big,linear,546
3643671975974,1.25,medium,linear,293
3643671975974,1.25,medium,nonLinear,2000
3643671975974,1.5,medium,nonLinear,2000
3643671975974,1.25,medium,linear,2000
3643671975974,1.5,big,nonLinear,802
,,,,
,,,,
3643674127253,1.5,medium,nonLinear,2000
3643674127253,1.25,big,linear,2000
3643674127253,1.25,small,linear,2000
3643674127253,1.5,small,linear,2000
3643674127253,1.25,big,linear,293
3643674127253,1.25,big,nonLinear,293
3643674127253,1.25,big,nonLinear,346
3643674127253,1.5,big,nonLinear,399
3643674127253,1.25,medium,linear,640
3643674127253,1.5,medium,linear,720
3643674127253,1.5,medium,nonLinear,2000
3643674127253,1.5,medium,nonLinear,346
3643674127253,1.5,medium,nonLinear,426
3643674127253,1.5,medium,linear,426
3643674127253,1.5,big,nonLinear,533
3643674127253,1.25,medium,nonLinear,506
3643674127253,1.5,medium,nonLinear,506
3643674127253,1.25,medium,linear,560
3643674127253,1.5,small,linear,559
3643674127253,1.25,medium,linear,480
3643674127253,1.25,small,nonLinear,2000
3643674127253,1.5,big,linear,346
3643674127253,1.25,small,nonLinear,2000
3643674127253,1.5,big,linear,506
3643674127253,1.5,small,linear,2000
3643674127253,1.25,big,linear,399
3643674127253,1.25,small,linear,2000
3643674127253,1.5,medium,linear,426
3643674127253,1.25,small,nonLinear,400
3643674127253,1.25,big,linear,426
3643674127253,1.25,medium,nonLinear,426
3643674127253,1.5,medium,nonLinear,320
3643674127253,1.5,big,nonLinear,426
3643674127253,1.25,small,linear,426
3643674127253,1.5,small,nonLinear,373
3643674127253,1.25,big,nonLinear,2000
3643674127253,1.5,big,linear,426
3643674127253,1.25,big,linear,426
3643674127253,1.25,big,nonLinear,453
3643674127253,1.5,big,nonLinear,506
3643674127253,1.25,small,linear,2000
3643674127253,1.25,medium,linear,373
3643674127253,1.5,small,nonLinear,480
3643674127253,1.5,small,nonLinear,2000
3643674127253,1.25,small,nonLinear,2000
3643674127253,1.5,medium,linear,346
3643674127253,1.5,medium,nonLinear,320
3643674127253,1.5,small,nonLinear,346
3643674127253,1.5,medium,linear,373
3643674127253,1.25,medium,linear,400
3643674127253,1.25,small,linear,2000
3643674127253,1.5,small,linear,2000
3643674127253,1.5,big,nonLinear,2000
3643674127253,1.25,big,nonLinear,2000
3643674127253,1.25,big,nonLinear,426
3643674127253,1.25,small,linear,2000
3643674127253,1.25,small,nonLinear,2000
3643674127253,1.5,big,nonLinear,773
3643674127253,1.5,medium,linear,479
3643674127253,1.5,medium,linear,426
3643674127253,1.5,small,nonLinear,2000
3643674127253,1.25,medium,nonLinear,400
3643674127253,1.25,big,nonLinear,586
3643674127253,1.5,small,linear,586
3643674127253,1.5,small,linear,586
3643674127253,1.25,small,linear,2000
3643674127253,1.5,small,nonLinear,2000
3643674127253,1.25,small,nonLinear,2000
3643674127253,1.5,big,linear,373
3643674127253,1.5,small,linear,2000
3643674127253,1.5,small,nonLinear,2000
3643674127253,1.5,big,linear,426
3643674127253,1.5,small,linear,2000
3643674127253,1.5,medium,linear,2000
3643674127253,1.5,small,nonLinear,2000
3643674127253,1.25,small,nonLinear,2000
3643674127253,1.5,small,linear,933
3643674127253,1.5,small,linear,266
3643674127253,1.25,medium,nonLinear,2000
3643674127253,1.5,medium,nonLinear,373
3643674127253,1.5,small,linear,586
3643674127253,1.25,big,linear,373
3643674127253,1.25,medium,linear,453
3643674127253,1.5,medium,linear,426
3643674127253,1.25,small,nonLinear,2000
3643674127253,1.5,medium,nonLinear,427
3643674127253,1.25,small,nonLinear,426
3643674127253,1.5,big,linear,453
3643674127253,1.5,big,linear,334
3643674127253,1.5,medium,linear,399
3643674127253,1.5,medium,linear,559
3643674127253,1.5,medium,nonLinear,506
3643674127253,1.25,big,nonLinear,560
3643674127253,1.25,big,nonLinear,400
3643674127253,1.5,small,nonLinear,2000
3643674127253,1.5,big,nonLinear,346
3643674127253,1.25,medium,linear,346
3643674127253,1.5,small,nonLinear,400
3643674127253,1.25,big,linear,453
3643674127253,1.5,big,linear,400
3643674127253,1.25,medium,linear,320
3643674127253,1.5,medium,nonLinear,400
3643674127253,1.25,big,nonLinear,320
3643674127253,1.5,medium,linear,453
3643674127253,1.25,small,nonLinear,2000
3643674127253,1.5,medium,nonLinear,400
3643674127253,1.25,medium,linear,2000
3643674127253,1.5,medium,nonLinear,2000
3643674127253,1.25,big,nonLinear,400
3643674127253,1.25,small,nonLinear,2000
3643674127253,1.25,medium,linear,2000
3643674127253,1.25,medium,linear,399
3643674127253,1.5,big,linear,2000
3643674127253,1.25,small,nonLinear,2000
3643674127253,1.5,medium,nonLinear,399
3643674127253,1.5,small,linear,346
3643674127253,1.25,big,nonLinear,346
,,,,
,,,,
3643677822317,1.5,small,nonLinear,2000
3643677822317,1.5,medium,nonLinear,506
3643677822317,1.5,medium,linear,586
3643677822317,1.5,big,linear,533
3643677822317,1.5,big,nonLinear,533
3643677822317,1.25,small,linear,2000
3643677822317,1.5,big,linear,479
3643677822317,1.25,big,linear,560
3643677822317,1.5,medium,nonLinear,2000
3643677822317,1.5,medium,nonLinear,2000
3643677822317,1.25,medium,linear,2000
3643677822317,1.25,big,linear,373
3643677822317,1.25,medium,nonLinear,2000
3643677822317,1.5,medium,linear,560
3643677822317,1.25,big,linear,2000
3643677822317,1.5,small,nonLinear,2000
3643677822317,1.5,medium,nonLinear,533
3643677822317,1.5,medium,linear,586
3643677822317,1.25,small,linear,2000
3643677822317,1.5,small,nonLinear,2000
3643677822317,1.25,small,nonLinear,2000
3643677822317,1.25,small,nonLinear,2000
3643677822317,1.5,medium,linear,426
3643677822317,1.5,big,nonLinear,779
3643677822317,1.25,small,nonLinear,2000
3643677822317,1.25,small,nonLinear,2000
3643677822317,1.5,big,linear,426
3643677822317,1.5,big,linear,479
3643677822317,1.25,small,nonLinear,2000
3643677822317,1.25,small,nonLinear,2000
3643677822317,1.5,small,linear,2000
3643677822317,1.5,medium,linear,400
3643677822317,1.25,big,nonLinear,639
3643677822317,1.25,big,nonLinear,559
3643677822317,1.5,big,linear,426
3643677822317,1.25,small,nonLinear,2000
3643677822317,1.25,small,nonLinear,2000
3643677822317,1.25,small,nonLinear,479
3643677822317,1.25,small,linear,2000
3643677822317,1.25,medium,linear,373
3643677822317,1.25,medium,linear,586
3643677822317,1.25,medium,linear,373
3643677822317,1.25,big,linear,2000
3643677822317,1.5,small,linear,2000
3643677822317,1.5,medium,nonLinear,453
3643677822317,1.5,medium,nonLinear,2000
3643677822317,1.25,medium,nonLinear,400
3643677822317,1.5,medium,linear,373
3643677822317,1.5,big,nonLinear,400
3643677822317,1.25,small,nonLinear,2000
3643677822317,1.5,small,linear,2000
3643677822317,1.5,medium,linear,426
3643677822317,1.25,small,linear,2000
3643677822317,1.5,medium,nonLinear,586
3643677822317,1.25,big,nonLinear,2000
3643677822317,1.25,small,linear,2000
3643677822317,1.25,medium,linear,426
3643677822317,1.5,big,linear,453
3643677822317,1.25,big,linear,560
3643677822317,1.5,medium,nonLinear,479
3643677822317,1.5,small,nonLinear,506
3643677822317,1.25,medium,linear,2000
3643677822317,1.25,big,linear,2000
3643677822317,1.5,big,nonLinear,506
3643677822317,1.5,small,nonLinear,453
3643677822317,1.5,small,nonLinear,2000
3643677822317,1.5,small,linear,2000
3643677822317,1.25,medium,linear,452
3643677822317,1.5,small,nonLinear,560
3643677822317,1.25,big,nonLinear,455
3643677822317,1.25,big,nonLinear,2000
3643677822317,1.5,medium,linear,533
3643677822317,1.25,small,linear,2000
3643677822317,1.25,big,linear,373
3643677822317,1.25,big,nonLinear,346
3643677822317,1.25,small,nonLinear,2000
3643677822317,1.5,big,linear,346
3643677822317,1.25,medium,linear,2000
3643677822317,1.25,big,nonLinear,400
3643677822317,1.5,medium,linear,2000
3643677822317,1.25,big,nonLinear,453
3643677822317,1.5,medium,nonLinear,2000
3643677822317,1.25,big,linear,533
3643677822317,1.25,big,linear,2000
3643677822317,1.25,big,linear,373
3643677822317,1.25,big,linear,453
3643677822317,1.5,small,nonLinear,2000
3643677822317,1.25,small,linear,2000
3643677822317,1.5,small,linear,426
3643677822317,1.5,small,linear,399
3643677822317,1.5,small,nonLinear,453
3643677822317,1.25,small,nonLinear,2000
3643677822317,1.5,big,linear,453
3643677822317,1.5,small,linear,2000
3643677822317,1.25,small,nonLinear,2000
3643677822317,1.25,big,nonLinear,479
3643677822317,1.5,medium,nonLinear,373
3643677822317,1.5,medium,linear,479
3643677822317,1.5,medium,linear,2000
3643677822317,1.5,big,linear,346
3643677822317,1.25,medium,nonLinear,426
3643677822317,1.5,small,nonLinear,2000
3643677822317,1.5,medium,nonLinear,346
3643677822317,1.5,medium,nonLinear,2000
3643677822317,1.25,medium,nonLinear,2000
3643677822317,1.5,medium,nonLinear,400
3643677822317,1.5,big,linear,2000
3643677822317,1.5,small,linear,613
3643677822317,1.25,small,linear,2000
3643677822317,1.25,medium,linear,773
3643677822317,1.25,big,nonLinear,399
3643677822317,1.5,big,nonLinear,746
3643677822317,1.5,small,nonLinear,773
3643677822317,1.5,small,nonLinear,506
3643677822317,1.25,medium,linear,2000
3643677822317,1.25,big,nonLinear,2000
3643677822317,1.5,medium,nonLinear,506
3643677822317,1.25,small,linear,2000
3643677822317,1.25,small,linear,2000
3643677822317,1.25,small,nonLinear,2000
3643677822317,1.5,medium,nonLinear,613
3643677822317,1.5,big,nonLinear,506
3643677822317,1.25,small,nonLinear,666
3643677822317,1.5,small,nonLinear,480
3643677822317,1.5,medium,nonLinear,2000
3643677822317,1.25,small,nonLinear,746
3643677822317,1.5,medium,nonLinear,2000
3643677822317,1.5,big,nonLinear,533
3643677822317,1.25,medium,nonLinear,507
3643677822317,1.5,big,nonLinear,426
3643677822317,1.25,small,linear,2000
3643677822317,1.25,big,linear,2000
,,,,
,,,,
3643678593384,1.5,small,linear,2000
3643678593384,1.5,big,linear,506
3643678593384,1.5,medium,nonLinear,2000
3643678593384,1.5,small,linear,2000
3643678593384,1.25,medium,linear,2000
3643678593384,1.5,small,nonLinear,2000
3643678593384,1.25,small,nonLinear,2000
3643678593384,1.25,big,linear,2000
3643678593384,1.5,big,linear,213
3643678593384,1.25,medium,nonLinear,2000
3643678593384,1.25,medium,linear,2000
3643678593384,1.25,small,linear,2000
3643678593384,1.5,small,nonLinear,426
3643678593384,1.5,big,linear,399
3643678593384,1.25,medium,nonLinear,2000
3643678593384,1.25,medium,nonLinear,2000
3643678593384,1.5,big,linear,400
3643678593384,1.5,medium,linear,583
3643678593384,1.5,medium,nonLinear,2000
3643678593384,1.25,small,linear,2000
3643678593384,1.5,big,linear,426
3643678593384,1.5,big,nonLinear,480
3643678593384,1.25,small,nonLinear,614
3643678593384,1.5,medium,nonLinear,480
3643678593384,1.25,small,linear,400
3643678593384,1.5,big,nonLinear,346
3643678593384,1.5,small,nonLinear,2000
3643678593384,1.25,small,nonLinear,480
3643678593384,1.25,medium,nonLinear,693
3643678593384,1.25,big,linear,506
3643678593384,1.25,big,linear,506
3643678593384,1.5,medium,nonLinear,2000
3643678593384,1.25,big,nonLinear,293
3643678593384,1.5,small,nonLinear,2000
3643678593384,1.25,small,linear,346
3643678593384,1.25,big,linear,479
3643678593384,1.25,medium,nonLinear,2000
3643678593384,1.5,big,linear,373
3643678593384,1.5,small,linear,2000
3643678593384,1.5,medium,linear,2000
3643678593384,1.5,medium,nonLinear,453
3643678593384,1.5,big,nonLinear,560
3643678593384,1.25,medium,linear,2000
3643678593384,1.5,big,linear,400
3643678593384,1.25,big,nonLinear,533
3643678593384,1.5,small,nonLinear,2000
3643678593384,1.25,medium,nonLinear,2000
3643678593384,1.25,small,nonLinear,2000
3643678593384,1.25,medium,linear,2000
3643678593384,1.25,small,linear,479
3643678593384,1.25,medium,linear,559
3643678593384,1.5,medium,linear,480
3643678593384,1.5,medium,linear,373
3643678593384,1.25,small,linear,2000
3643678593384,1.25,small,nonLinear,2000
3643678593384,1.25,small,nonLinear,2000
3643678593384,1.25,small,nonLinear,480
3643678593384,1.5,small,linear,2000
3643678593384,1.5,medium,linear,453
3643678593384,1.5,medium,linear,560
3643678593384,1.25,medium,nonLinear,2000
3643678593384,1.5,big,linear,400
3643678593384,1.5,big,linear,426
3643678593384,1.25,small,nonLinear,2000
3643678593384,1.5,big,nonLinear,400
3643678593384,1.5,big,linear,426
3643678593384,1.5,small,linear,373
3643678593384,1.25,small,linear,533
3643678593384,1.25,big,linear,400
3643678593384,1.25,small,nonLinear,533
3643678593384,1.5,big,nonLinear,2000
3643678593384,1.5,small,linear,2000
3643678593384,1.5,small,nonLinear,2000
3643678593384,1.5,big,nonLinear,986
3643678593384,1.5,medium,nonLinear,2000
3643678593384,1.5,small,nonLinear,452
3643678593384,1.25,big,linear,506
3643678593384,1.5,small,linear,479
3643678593384,1.25,small,linear,2000
3643678593384,1.5,big,nonLinear,448
3643678593384,1.25,medium,nonLinear,2000
3643678593384,1.25,big,linear,426
3643678593384,1.5,small,nonLinear,2000
3643678593384,1.25,big,nonLinear,506
3643678593384,1.5,medium,linear,585
3643678593384,1.5,small,nonLinear,2000
3643678593384,1.5,medium,linear,453
3643678593384,1.5,big,linear,640
3643678593384,1.5,medium,linear,533
3643678593384,1.5,medium,nonLinear,2000
3643678593384,1.25,medium,nonLinear,2000
3643678593384,1.5,medium,linear,2000
3643678593384,1.5,big,linear,720
3643678593384,1.5,small,linear,2000
3643678593384,1.25,small,linear,2000
3643678593384,1.5,medium,linear,586
3643678593384,1.5,small,nonLinear,2000
3643678593384,1.5,medium,nonLinear,453
3643678593384,1.5,medium,nonLinear,453
3643678593384,1.5,small,linear,479
3643678593384,1.5,small,nonLinear,2000
3643678593384,1.25,big,nonLinear,480
3643678593384,1.25,medium,nonLinear,2000
3643678593384,1.25,big,nonLinear,2000
3643678593384,1.25,small,nonLinear,2000
3643678593384,1.5,big,linear,346
3643678593384,1.25,medium,linear,2000
3643678593384,1.5,small,nonLinear,453
3643678593384,1.5,medium,nonLinear,453
3643678593384,1.25,big,linear,426
3643678593384,1.25,small,nonLinear,2000
3643678593384,1.5,medium,nonLinear,2000
3643678593384,1.5,small,nonLinear,720
3643678593384,1.5,small,linear,2000
3643678593384,1.25,medium,nonLinear,2000
3643678593384,1.5,small,nonLinear,2000
3643678593384,1.5,small,linear,2000
3643678593384,1.5,medium,nonLinear,373
3643678593384,1.25,big,nonLinear,533
3643678593384,1.25,medium,linear,2000
3643678593384,1.5,medium,linear,2000
3643678593384,1.5,small,nonLinear,2000
3643678593384,1.5,medium,nonLinear,373
3643678593384,1.25,medium,linear,426
3643678593384,1.5,medium,linear,2000
3643678593384,1.5,medium,linear,373
3643678593384,1.25,small,linear,506
3643678593384,1.5,big,nonLinear,560
3643678593384,1.5,small,nonLinear,2000
3643678593384,1.5,big,linear,426
3643678593384,1.5,medium,linear,2000
3643678593384,1.25,small,linear,2000
3643678593384,1.5,big,linear,426
3643678593384,1.25,medium,linear,1013
3643678593384,1.5,big,nonLinear,426
3643678593384,1.25,small,linear,2000
3643678593384,1.25,medium,linear,2000
3643678593384,1.5,medium,linear,2000
3643678593384,1.5,medium,nonLinear,2000
3643678593384,1.5,medium,nonLinear,479
3643678593384,1.25,small,nonLinear,2000
3643678593384,1.5,small,nonLinear,2000
3643678593384,1.25,medium,linear,2000
3643678593384,1.25,small,nonLinear,2000
3643678593384,1.5,small,nonLinear,480
3643678593384,1.25,big,nonLinear,480
3643678593384,1.25,small,linear,2000
3643678593384,1.5,small,linear,2000
3643678593384,1.5,medium,linear,2000
3643678593384,1.25,big,linear,480
3643678593384,1.25,small,linear,2000
3643678593384,1.25,small,linear,2000
3643678593384,1.25,medium,linear,506
3643678593384,1.25,big,linear,400
3643678593384,1.5,big,linear,454
,,,,
,,,,
3643681631108,1.5,medium,nonLinear,586
3643681631108,1.5,big,nonLinear,507
3643681631108,1.5,medium,nonLinear,240
3643681631108,1.25,medium,linear,453
3643681631108,1.25,big,linear,959
3643681631108,1.5,small,linear,2000
3643681631108,1.25,big,nonLinear,400
3643681631108,1.5,medium,nonLinear,560
3643681631108,1.5,big,nonLinear,533
3643681631108,1.5,small,nonLinear,2000
3643681631108,1.25,small,linear,2000
3643681631108,1.25,medium,linear,319
3643681631108,1.5,small,nonLinear,2000
3643681631108,1.5,small,nonLinear,2000
3643681631108,1.5,big,linear,346
3643681631108,1.25,small,linear,2000
3643681631108,1.5,small,linear,480
3643681631108,1.5,small,nonLinear,400
3643681631108,1.25,big,nonLinear,399
3643681631108,1.25,big,linear,293
3643681631108,1.25,big,linear,320
3643681631108,1.5,big,nonLinear,453
3643681631108,1.25,big,nonLinear,479
3643681631108,1.25,small,nonLinear,320
3643681631108,1.25,big,linear,400
3643681631108,1.5,medium,linear,826
3643681631108,1.5,big,nonLinear,533
3643681631108,1.25,big,nonLinear,346
3643681631108,1.5,small,linear,2000
3643681631108,1.5,big,linear,320
3643681631108,1.5,small,nonLinear,319
3643681631108,1.25,small,linear,2000
3643681631108,1.25,medium,linear,2000
3643681631108,1.5,medium,linear,320
3643681631108,1.5,big,nonLinear,346
3643681631108,1.25,small,linear,453
3643681631108,1.25,small,linear,506
3643681631108,1.25,medium,linear,2000
3643681631108,1.25,small,linear,2000
3643681631108,1.5,small,nonLinear,533
3643681631108,1.5,small,nonLinear,560
3643681631108,1.25,small,linear,2000
3643681631108,1.5,big,linear,400
3643681631108,1.5,medium,nonLinear,506
3643681631108,1.5,medium,linear,2000
3643681631108,1.25,big,linear,373
3643681631108,1.5,medium,linear,453
3643681631108,1.25,big,linear,506
3643681631108,1.25,big,nonLinear,533
3643681631108,1.25,big,nonLinear,346
3643681631108,1.25,big,linear,346
3643681631108,1.5,medium,linear,2000
3643681631108,1.5,medium,linear,319
3643681631108,1.5,small,linear,2000
3643681631108,1.5,medium,linear,319
3643681631108,1.25,big,nonLinear,400
3643681631108,1.25,small,nonLinear,2000
3643681631108,1.5,big,nonLinear,426
3643681631108,1.25,small,linear,2000
3643681631108,1.25,big,linear,2000
3643681631108,1.25,small,linear,399
3643681631108,1.5,medium,nonLinear,506
3643681631108,1.5,small,nonLinear,2000
3643681631108,1.5,medium,linear,373
3643681631108,1.5,medium,linear,2000
3643681631108,1.5,medium,nonLinear,506
3643681631108,1.5,medium,nonLinear,613
3643681631108,1.5,big,nonLinear,2000
3643681631108,1.5,medium,nonLinear,319
3643681631108,1.25,small,nonLinear,2000
3643681631108,1.5,medium,linear,2000
3643681631108,1.5,big,linear,426
3643681631108,1.25,big,nonLinear,533
3643681631108,1.5,small,nonLinear,2000
3643681631108,1.5,small,linear,2000
,,,,
,,,,
3643686291661,1.5,big,linear,2000
3643686291661,1.25,medium,linear,2000
3643686291661,1.5,small,nonLinear,2000
3643686291661,1.25,big,nonLinear,2000
3643686291661,1.25,big,nonLinear,2000
3643686291661,1.25,big,nonLinear,2000
3643686291661,1.25,medium,linear,2000
3643686291661,1.5,small,nonLinear,2000
3643686291661,1.5,medium,nonLinear,705
3643686291661,1.5,small,nonLinear,2000
3643686291661,1.5,medium,nonLinear,680
3643686291661,1.25,small,linear,2000
3643686291661,1.5,medium,nonLinear,2000
3643686291661,1.25,big,linear,598
3643686291661,1.5,small,linear,2000
3643686291661,1.5,big,linear,547
3643686291661,1.25,small,nonLinear,2000
3643686291661,1.5,small,linear,2000
3643686291661,1.25,medium,linear,2000
3643686291661,1.25,small,nonLinear,2000
3643686291661,1.5,small,nonLinear,2000
3643686291661,1.5,medium,nonLinear,2000
3643686291661,1.5,small,nonLinear,2000
3643686291661,1.25,small,nonLinear,2000
3643686291661,1.5,big,nonLinear,653
3643686291661,1.5,medium,linear,2000
3643686291661,1.5,small,linear,2000
3643686291661,1.25,small,nonLinear,2000
3643686291661,1.25,small,linear,2000
3643686291661,1.5,small,linear,624
3643686291661,1.5,big,linear,586
3643686291661,1.5,medium,linear,2000
3643686291661,1.5,big,nonLinear,693
3643686291661,1.25,medium,nonLinear,759
3643686291661,1.5,medium,linear,586
3643686291661,1.25,small,nonLinear,506
3643686291661,1.25,medium,linear,2000
3643686291661,1.5,small,linear,452
3643686291661,1.5,medium,nonLinear,453
3643686291661,1.25,medium,nonLinear,373
3643686291661,1.5,big,nonLinear,533
3643686291661,1.5,big,linear,506
3643686291661,1.5,medium,nonLinear,453
3643686291661,1.25,medium,linear,506
3643686291661,1.5,medium,linear,466
3643686291661,1.25,big,linear,2000
3643686291661,1.5,medium,nonLinear,2000
3643686291661,1.5,big,nonLinear,493
3643686291661,1.5,big,nonLinear,533
3643686291661,1.5,medium,nonLinear,2000
3643686291661,1.25,big,linear,479
3643686291661,1.25,medium,linear,480
3643686291661,1.25,small,linear,2000
3643686291661,1.5,small,linear,559
3643686291661,1.25,small,nonLinear,2000
3643686291661,1.25,medium,nonLinear,480
3643686291661,1.5,medium,linear,2000
3643686291661,1.25,medium,linear,413
3643686291661,1.5,big,linear,520
3643686291661,1.5,medium,nonLinear,519
3643686291661,1.5,medium,linear,569
3643686291661,1.25,small,nonLinear,2000
3643686291661,1.5,big,nonLinear,440
3643686291661,1.25,big,linear,2000
3643686291661,1.5,medium,linear,439
3643686291661,1.25,small,nonLinear,2000
3643686291661,1.5,big,nonLinear,2000
3643686291661,1.25,medium,linear,2000
3643686291661,1.25,small,nonLinear,2000
3643686291661,1.25,big,nonLinear,626
3643686291661,1.25,medium,nonLinear,680
3643686291661,1.5,big,nonLinear,520
3643686291661,1.5,big,linear,920
3643686291661,1.25,small,linear,2000
3643686291661,1.25,small,nonLinear,2000
3643686291661,1.25,medium,nonLinear,453
3643686291661,1.5,big,nonLinear,573
3643686291661,1.5,big,nonLinear,2000
3643686291661,1.25,big,nonLinear,547
3643686291661,1.25,big,nonLinear,480
3643686291661,1.25,small,nonLinear,2000
3643686291661,1.5,medium,nonLinear,2000
3643686291661,1.25,big,nonLinear,2000
3643686291661,1.5,medium,nonLinear,533
3643686291661,1.25,big,nonLinear,640
3643686291661,1.25,medium,nonLinear,546
3643686291661,1.5,medium,nonLinear,546
3643686291661,1.25,small,nonLinear,2000
,,,,
,,,,
3643686877294,1.5,medium,nonLinear,520
3643686877294,1.25,small,nonLinear,2000
3643686877294,1.25,small,nonLinear,2000
3643686877294,1.5,small,linear,2000
3643686877294,1.25,small,linear,2000
3643686877294,1.25,small,nonLinear,2000
3643686877294,1.5,small,nonLinear,879
3643686877294,1.5,small,linear,546
3643686877294,1.25,big,linear,639
3643686877294,1.25,medium,linear,506
3643686877294,1.5,small,nonLinear,2000
3643686877294,1.5,small,nonLinear,586
3643686877294,1.25,big,nonLinear,720
3643686877294,1.25,big,nonLinear,400
3643686877294,1.25,small,linear,2000
3643686877294,1.25,big,linear,2000
3643686877294,1.5,small,nonLinear,2000
3643686877294,1.25,small,nonLinear,2000
3643686877294,1.25,medium,linear,2000
3643686877294,1.25,small,linear,2000
3643686877294,1.5,big,linear,613
3643686877294,1.5,big,linear,399
3643686877294,1.25,medium,nonLinear,653
3643686877294,1.5,small,nonLinear,2000
3643686877294,1.25,small,linear,853
3643686877294,1.5,big,nonLinear,520
3643686877294,1.5,small,linear,480
3643686877294,1.5,big,nonLinear,533
3643686877294,1.5,small,nonLinear,2000
3643686877294,1.25,small,nonLinear,2000
3643686877294,1.25,small,linear,2000
3643686877294,1.25,small,nonLinear,2000
3643686877294,1.5,big,nonLinear,573
3643686877294,1.5,medium,nonLinear,667
3643686877294,1.25,small,linear,2000
3643686877294,1.25,small,linear,2000
3643686877294,1.5,small,nonLinear,2000
3643686877294,1.25,medium,nonLinear,2000
3643686877294,1.25,small,nonLinear,2000
3643686877294,1.5,small,nonLinear,2000
3643686877294,1.5,small,nonLinear,2000
3643686877294,1.5,medium,nonLinear,546
3643686877294,1.25,big,linear,573
3643686877294,1.5,medium,nonLinear,960
3643686877294,1.25,big,linear,466
3643686877294,1.25,small,linear,2000
3643686877294,1.25,medium,nonLinear,2000
3643686877294,1.5,medium,linear,519
3643686877294,1.25,medium,linear,613
3643686877294,1.5,big,nonLinear,453
3643686877294,1.25,big,linear,720
3643686877294,1.5,small,linear,480
3643686877294,1.25,medium,linear,2000
3643686877294,1.25,medium,nonLinear,2000
3643686877294,1.25,big,nonLinear,480
3643686877294,1.5,small,nonLinear,2000
3643686877294,1.25,medium,linear,507
3643686877294,1.5,big,nonLinear,706
3643686877294,1.25,small,nonLinear,2000
3643686877294,1.5,small,linear,2000
3643686877294,1.5,big,linear,533
3643686877294,1.5,big,nonLinear,533
3643686877294,1.5,medium,linear,626
3643686877294,1.25,big,linear,519
3643686877294,1.25,small,nonLinear,440
3643686877294,1.25,big,linear,2000
3643686877294,1.5,medium,linear,506
3643686877294,1.5,small,nonLinear,2000
3643686877294,1.5,big,nonLinear,493
3643686877294,1.5,medium,linear,2000
3643686877294,1.25,big,nonLinear,586
3643686877294,1.5,big,nonLinear,613
3643686877294,1.25,medium,linear,2000
3643686877294,1.5,medium,nonLinear,773
3643686877294,1.5,small,nonLinear,2000
3643686877294,1.5,big,linear,2000
3643686877294,1.5,medium,linear,586
3643686877294,1.25,medium,linear,466
3643686877294,1.25,big,linear,426
3643686877294,1.5,big,linear,2000
3643686877294,1.5,big,linear,573
3643686877294,1.5,medium,nonLinear,2000
3643686877294,1.25,small,linear,2000
3643686877294,1.5,small,nonLinear,613

3643702961721,1.25,big,nonLinear,400
3643702961721,1.5,medium,linear,2000
3643702961721,1.25,small,linear,2000
3643702961721,1.25,small,linear,2000
3643702961721,1.5,big,linear,413
3643702961721,1.25,big,linear,599
3643702961721,1.25,medium,linear,2000
3643702961721,1.25,small,nonLinear,2000
3643702961721,1.25,small,nonLinear,2000
3643702961721,1.5,medium,linear,533
3643702961721,1.25,medium,nonLinear,2000
3643702961721,1.25,medium,nonLinear,480
3643702961721,1.25,medium,linear,573
3643702961721,1.5,big,linear,706
3643702961721,1.5,small,linear,2000
3643702961721,1.25,medium,linear,520
3643702961721,1.25,medium,linear,2000
3643702961721,1.5,small,nonLinear,2000
3643702961721,1.25,big,linear,2000
3643702961721,1.25,small,linear,2000
3643702961721,1.25,big,linear,426
3643702961721,1.25,small,linear,2000
3643702961721,1.25,small,linear,2000
3643702961721,1.5,medium,nonLinear,2000
3643702961721,1.25,big,nonLinear,533
3643702961721,1.25,medium,nonLinear,453
3643702961721,1.5,medium,nonLinear,559
3643702961721,1.5,medium,nonLinear,479
3643702961721,1.5,big,nonLinear,2000
3643702961721,1.5,medium,nonLinear,2000
3643702961721,1.5,big,nonLinear,440
3643702961721,1.25,big,linear,2000
3643702961721,1.5,small,linear,2000
3643702961721,1.25,big,linear,472
3643702961721,1.25,big,linear,2000
3643702961721,1.5,small,nonLinear,400
3643702961721,1.5,big,nonLinear,519
3643702961721,1.5,big,nonLinear,560
3643702961721,1.25,medium,linear,426
3643702961721,1.25,small,linear,2000
3643702961721,1.25,big,linear,546
3643702961721,1.25,small,nonLinear,2000
3643702961721,1.25,medium,linear,400
3643702961721,1.25,small,linear,2000
3643702961721,1.25,big,linear,2000
3643702961721,1.5,medium,linear,493
3643702961721,1.25,small,nonLinear,2000
3643702961721,1.25,medium,nonLinear,2000
3643702961721,1.25,medium,linear,493
3643702961721,1.5,small,linear,2000
3643702961721,1.5,medium,linear,586
3643702961721,1.5,big,linear,467
3643702961721,1.5,medium,nonLinear,2000
3643702961721,1.25,small,linear,2000
3643702961721,1.5,big,linear,2000
3643702961721,1.25,medium,nonLinear,493
3643702961721,1.25,medium,nonLinear,2000
3643702961721,1.5,big,linear,426
3643702961721,1.25,medium,linear,453
3643702961721,1.5,small,nonLinear,2000
3643702961721,1.25,big,nonLinear,440
3643702961721,1.25,small,linear,2000
3643702961721,1.5,medium,linear,2000
3643702961721,1.25,small,linear,2000
3643702961721,1.25,big,nonLinear,413
3643702961721,1.5,small,nonLinear,2000
3643702961721,1.5,small,nonLinear,2000
3643702961721,1.25,medium,nonLinear,2000
3643702961721,1.25,medium,nonLinear,2000
3643702961721,1.5,small,linear,2000
3643702961721,1.5,small,linear,2000
3643702961721,1.25,small,nonLinear,2000
3643702961721,1.25,small,nonLinear,2000
3643702961721,1.25,big,nonLinear,466
3643702961721,1.25,big,nonLinear,466
3643702961721,1.5,medium,nonLinear,479
3643702961721,1.25,small,nonLinear,2000
3643702961721,1.25,big,nonLinear,2000
3643702961721,1.25,small,linear,2000
3643702961721,1.5,small,linear,2000
3643702961721,1.25,big,linear,2000
3643702961721,1.5,medium,linear,2000
3643702961721,1.5,medium,linear,2000
3643702961721,1.25,medium,nonLinear,400
3643702961721,1.25,medium,nonLinear,466
3643702961721,1.25,small,nonLinear,786
3643702961721,1.5,big,nonLinear,2000
3643702961721,1.5,big,linear,413
3643702961721,1.5,small,linear,493
3643702961721,1.25,big,nonLinear,386
3643702961721,1.5,small,linear,386
3643702961721,1.5,big,linear,426
3643702961721,1.5,medium,nonLinear,426
3643702961721,1.5,big,linear,335
3643702961721,1.5,big,nonLinear,372
3643702961721,1.25,medium,nonLinear,2000
3643702961721,1.5,medium,nonLinear,506
3643702961721,1.5,medium,linear,613
3643702961721,1.25,big,linear,2000